/*******************************************************************************
 * Size: 28 px
 * Bpp: 4
 * Opts: --size 28 --bpp 4 --format lvgl --no-compress --font assets/fonts/barlow/Barlow-Medium.ttf -r 0x20-0x7E,0xB0,0xB2,0xB3,0xB5,0xB7,0xC1,0xC9,0xCD,0xD3,0xDA,0xDD,0xE1,0xE9,0xED,0xF3,0xFA,0xFD,0x10C,0x10D,0x10E,0x10F,0x11A,0x11B,0x147,0x148,0x158,0x159,0x160,0x161,0x164,0x165,0x16E,0x16F,0x17D,0x17E,0x2013,0x201C,0x201E,0x2026 --lv-font-name lcd7_text28 -o WaveshareHodiny/Lcd7FontText28.c
 ******************************************************************************/

#ifdef LV_LVGL_H_INCLUDE_SIMPLE
#include "lvgl.h"
#include "ClockFonts.h"
#else
#include "lvgl.h"
#include "ClockFonts.h"
#endif

#ifndef LCD7_TEXT28
#define LCD7_TEXT28 1
#endif

#if LCD7_TEXT28

/*-----------------
 *    BITMAPS
 *----------------*/

/*Store the image of the glyphs*/
static LV_ATTRIBUTE_LARGE_CONST const uint8_t glyph_bitmap[] = {
    /* U+0020 " " */

    /* U+0021 "!" */
    0xb, 0xff, 0x0, 0xbf, 0xf0, 0xa, 0xfe, 0x0,
    0xaf, 0xe0, 0xa, 0xfe, 0x0, 0x9f, 0xd0, 0x9,
    0xfd, 0x0, 0x9f, 0xd0, 0x9, 0xfd, 0x0, 0x8f,
    0xc0, 0x8, 0xfc, 0x0, 0x8f, 0xc0, 0x7, 0xfb,
    0x0, 0x49, 0x60, 0x0, 0x0, 0x0, 0x0, 0x0,
    0x5, 0xa5, 0x2, 0xff, 0xf2, 0x3f, 0xff, 0x30,
    0xaf, 0xa0,

    /* U+0022 "\"" */
    0x4f, 0xf4, 0xe, 0xfa, 0x3f, 0xf3, 0xd, 0xf9,
    0x3f, 0xf3, 0xc, 0xf8, 0x2f, 0xf2, 0xc, 0xf8,
    0x1f, 0xf1, 0xb, 0xf7, 0x1f, 0xf0, 0xa, 0xf6,
    0x3, 0x30, 0x1, 0x31,

    /* U+0023 "#" */
    0x0, 0x0, 0x0, 0x10, 0x0, 0x0, 0x1, 0x0,
    0x0, 0x0, 0xf, 0xf9, 0x0, 0x3, 0xff, 0x60,
    0x0, 0x0, 0x3f, 0xf7, 0x0, 0x6, 0xff, 0x40,
    0x0, 0x0, 0x5f, 0xf5, 0x0, 0x8, 0xff, 0x20,
    0x0, 0x0, 0x8f, 0xf3, 0x0, 0xb, 0xff, 0x0,
    0x0, 0x0, 0xaf, 0xf0, 0x0, 0xd, 0xfd, 0x0,
    0x2, 0xff, 0xff, 0xff, 0xff, 0xff, 0xff, 0xff,
    0x3, 0xff, 0xff, 0xff, 0xff, 0xff, 0xff, 0xff,
    0x1, 0x68, 0xff, 0xb7, 0x77, 0xaf, 0xfa, 0x76,
    0x0, 0x4, 0xff, 0x60, 0x0, 0x7f, 0xf3, 0x0,
    0x0, 0x6, 0xff, 0x40, 0x0, 0xaf, 0xf1, 0x0,
    0x0, 0x9, 0xff, 0x20, 0x0, 0xcf, 0xf0, 0x0,
    0x17, 0x7d, 0xff, 0x77, 0x77, 0xff, 0xe7, 0x60,
    0x3f, 0xff, 0xff, 0xff, 0xff, 0xff, 0xff, 0xf0,
    0x3f, 0xff, 0xff, 0xff, 0xff, 0xff, 0xff, 0xe0,
    0x0, 0x2f, 0xf8, 0x0, 0x5, 0xff, 0x50, 0x0,
    0x0, 0x5f, 0xf5, 0x0, 0x8, 0xff, 0x20, 0x0,
    0x0, 0x7f, 0xf3, 0x0, 0xa, 0xff, 0x0, 0x0,
    0x0, 0x9f, 0xf0, 0x0, 0xc, 0xfd, 0x0, 0x0,
    0x0, 0xbf, 0xd0, 0x0, 0xd, 0xfa, 0x0, 0x0,

    /* U+0024 "$" */
    0x0, 0x0, 0x5, 0xff, 0x0, 0x0, 0x0, 0x0,
    0x0, 0x6, 0xff, 0x0, 0x0, 0x0, 0x0, 0x0,
    0x19, 0xff, 0x30, 0x0, 0x0, 0x0, 0x2b, 0xff,
    0xff, 0xfe, 0x70, 0x0, 0x3, 0xff, 0xff, 0xff,
    0xff, 0xfb, 0x0, 0xc, 0xff, 0x82, 0x1, 0x5d,
    0xff, 0x70, 0x2f, 0xf8, 0x0, 0x0, 0x1, 0xef,
    0xe0, 0x5f, 0xf3, 0x0, 0x0, 0x0, 0x7f, 0xf2,
    0x5f, 0xf3, 0x0, 0x0, 0x0, 0x4f, 0xf3, 0x2f,
    0xfa, 0x0, 0x0, 0x0, 0x4, 0x40, 0xc, 0xff,
    0xb2, 0x0, 0x0, 0x0, 0x0, 0x1, 0xef, 0xff,
    0xa3, 0x0, 0x0, 0x0, 0x0, 0x1b, 0xff, 0xff,
    0xc4, 0x0, 0x0, 0x0, 0x0, 0x3b, 0xff, 0xff,
    0xb1, 0x0, 0x0, 0x0, 0x0, 0x29, 0xff, 0xfe,
    0x20, 0x0, 0x0, 0x0, 0x0, 0x2b, 0xff, 0xc0,
    0x23, 0x20, 0x0, 0x0, 0x0, 0xbf, 0xf3, 0xaf,
    0xd0, 0x0, 0x0, 0x0, 0x3f, 0xf5, 0xaf, 0xe0,
    0x0, 0x0, 0x0, 0x3f, 0xf6, 0x7f, 0xf5, 0x0,
    0x0, 0x0, 0x7f, 0xf3, 0x1f, 0xff, 0x70, 0x0,
    0x6, 0xff, 0xd0, 0x7, 0xff, 0xff, 0xdd, 0xff,
    0xff, 0x40, 0x0, 0x5e, 0xff, 0xff, 0xff, 0xd4,
    0x0, 0x0, 0x0, 0x4a, 0xff, 0x84, 0x0, 0x0,
    0x0, 0x0, 0x4, 0xff, 0x10, 0x0, 0x0, 0x0,
    0x0, 0x4, 0xff, 0x10, 0x0, 0x0,

    /* U+0025 "%" */
    0x0, 0x8d, 0xfd, 0x70, 0x0, 0x0, 0x1, 0xfd,
    0x0, 0x0, 0xc, 0xfe, 0xbe, 0xfb, 0x0, 0x0,
    0xa, 0xf5, 0x0, 0x0, 0x6f, 0x90, 0x0, 0xaf,
    0x50, 0x0, 0x2f, 0xc0, 0x0, 0x0, 0xaf, 0x10,
    0x0, 0x2f, 0x90, 0x0, 0xbf, 0x40, 0x0, 0x0,
    0x9f, 0x20, 0x0, 0x3f, 0x80, 0x4, 0xfb, 0x0,
    0x0, 0x0, 0x4f, 0xd3, 0x3, 0xdf, 0x30, 0xc,
    0xf2, 0x0, 0x0, 0x0, 0x8, 0xff, 0xff, 0xf7,
    0x0, 0x5f, 0x90, 0x0, 0x0, 0x0, 0x0, 0x39,
    0xb9, 0x30, 0x0, 0xdf, 0x10, 0x0, 0x0, 0x0,
    0x0, 0x0, 0x0, 0x0, 0x7, 0xf8, 0x0, 0x0,
    0x0, 0x0, 0x0, 0x0, 0x0, 0x0, 0xe, 0xe0,
    0x0, 0x0, 0x0, 0x0, 0x0, 0x0, 0x0, 0x0,
    0x8f, 0x70, 0x0, 0x0, 0x0, 0x0, 0x0, 0x0,
    0x0, 0x1, 0xfd, 0x0, 0x4, 0x9a, 0x60, 0x0,
    0x0, 0x0, 0x0, 0x9, 0xf5, 0x0, 0xaf, 0xff,
    0xfd, 0x10, 0x0, 0x0, 0x0, 0x2f, 0xc0, 0x7,
    0xfb, 0x21, 0x8f, 0xb0, 0x0, 0x0, 0x0, 0xbf,
    0x40, 0xd, 0xe0, 0x0, 0xb, 0xf2, 0x0, 0x0,
    0x4, 0xfb, 0x0, 0xf, 0xb0, 0x0, 0x7, 0xf4,
    0x0, 0x0, 0xc, 0xf3, 0x0, 0xe, 0xd0, 0x0,
    0x9, 0xf3, 0x0, 0x0, 0x5f, 0xa0, 0x0, 0x9,
    0xf7, 0x0, 0x3f, 0xd0, 0x0, 0x0, 0xdf, 0x10,
    0x0, 0x1, 0xdf, 0xdc, 0xff, 0x40, 0x0, 0x6,
    0xf8, 0x0, 0x0, 0x0, 0x19, 0xef, 0xb3, 0x0,

    /* U+0026 "&" */
    0x0, 0x0, 0x8d, 0xff, 0xc6, 0x0, 0x0, 0x0,
    0x0, 0x1, 0xdf, 0xff, 0xff, 0xfc, 0x0, 0x0,
    0x0, 0x0, 0xbf, 0xfe, 0x9a, 0xef, 0xf9, 0x0,
    0x0, 0x0, 0x1f, 0xfd, 0x0, 0x1, 0xef, 0xf0,
    0x0, 0x0, 0x2, 0xff, 0x80, 0x0, 0x9, 0xff,
    0x10, 0x0, 0x0, 0x1f, 0xfa, 0x0, 0x0, 0xbf,
    0xf0, 0x0, 0x0, 0x0, 0xbf, 0xf3, 0x0, 0x5f,
    0xfb, 0x0, 0x0, 0x0, 0x2, 0xff, 0xd1, 0x6f,
    0xff, 0x30, 0x0, 0x0, 0x0, 0x6, 0xff, 0xef,
    0xff, 0x40, 0x0, 0x0, 0x0, 0x0, 0xd, 0xff,
    0xfe, 0x30, 0x0, 0x0, 0x0, 0x0, 0x1b, 0xff,
    0xff, 0x80, 0x0, 0x0, 0x0, 0x0, 0x1d, 0xff,
    0xdd, 0xff, 0x50, 0x0, 0x0, 0x0, 0xc, 0xff,
    0xb0, 0x2e, 0xff, 0x30, 0x7, 0xd4, 0x5, 0xff,
    0xb0, 0x0, 0x3f, 0xfe, 0x23, 0xff, 0xb0, 0x9f,
    0xf3, 0x0, 0x0, 0x4f, 0xfd, 0xef, 0xf1, 0xa,
    0xff, 0x10, 0x0, 0x0, 0x6f, 0xff, 0xf4, 0x0,
    0x8f, 0xf5, 0x0, 0x0, 0x4, 0xff, 0xfb, 0x0,
    0x3, 0xff, 0xf7, 0x32, 0x5b, 0xff, 0xff, 0xf6,
    0x0, 0x6, 0xff, 0xff, 0xff, 0xff, 0xd4, 0xcf,
    0xf4, 0x0, 0x2, 0x9d, 0xff, 0xea, 0x50, 0x1,
    0xdf, 0xe1,

    /* U+0027 "'" */
    0x4f, 0xf6, 0x3f, 0xf5, 0x3f, 0xf4, 0x2f, 0xf4,
    0x1f, 0xf3, 0x1f, 0xf2, 0x2, 0x20,

    /* U+0028 "(" */
    0x0, 0x0, 0x0, 0x0, 0x0, 0x1e, 0xfa, 0x0,
    0x9, 0xff, 0x30, 0x1, 0xff, 0xc0, 0x0, 0x7f,
    0xf6, 0x0, 0xd, 0xff, 0x20, 0x2, 0xff, 0xd0,
    0x0, 0x5f, 0xf9, 0x0, 0x8, 0xff, 0x60, 0x0,
    0xcf, 0xf3, 0x0, 0xe, 0xff, 0x10, 0x0, 0xff,
    0xf0, 0x0, 0xf, 0xff, 0x0, 0x1, 0xff, 0xf0,
    0x0, 0xf, 0xff, 0x0, 0x0, 0xff, 0xf0, 0x0,
    0xe, 0xff, 0x10, 0x0, 0xcf, 0xf3, 0x0, 0x9,
    0xff, 0x60, 0x0, 0x6f, 0xf9, 0x0, 0x2, 0xff,
    0xd0, 0x0, 0xd, 0xff, 0x10, 0x0, 0x7f, 0xf6,
    0x0, 0x1, 0xff, 0xc0, 0x0, 0x8, 0xff, 0x30,
    0x0, 0x1e, 0xfa,

    /* U+0029 ")" */
    0x0, 0x0, 0x0, 0x8, 0xff, 0x20, 0x0, 0x1f,
    0xfb, 0x0, 0x0, 0xaf, 0xf3, 0x0, 0x4, 0xff,
    0xa0, 0x0, 0xe, 0xff, 0x0, 0x0, 0xaf, 0xf5,
    0x0, 0x6, 0xff, 0x80, 0x0, 0x3f, 0xfc, 0x0,
    0x0, 0xff, 0xf0, 0x0, 0xe, 0xff, 0x10, 0x0,
    0xef, 0xf2, 0x0, 0xd, 0xff, 0x30, 0x0, 0xcf,
    0xf3, 0x0, 0xd, 0xff, 0x30, 0x0, 0xef, 0xf2,
    0x0, 0xf, 0xff, 0x10, 0x1, 0xff, 0xe0, 0x0,
    0x4f, 0xfb, 0x0, 0x7, 0xff, 0x80, 0x0, 0xaf,
    0xf4, 0x0, 0xf, 0xfe, 0x0, 0x4, 0xff, 0x90,
    0x0, 0xaf, 0xf3, 0x0, 0x1f, 0xfa, 0x0, 0x8,
    0xff, 0x20, 0x0,

    /* U+002A "*" */
    0x0, 0x0, 0x4, 0x10, 0x0, 0x0, 0x0, 0x3,
    0xf6, 0x0, 0x0, 0x3, 0x0, 0x3f, 0x60, 0x3,
    0x1, 0xfe, 0x53, 0xf6, 0x3d, 0xf2, 0x7, 0xef,
    0xef, 0xdf, 0xf8, 0x0, 0x1, 0x9f, 0xff, 0xa1,
    0x0, 0x0, 0x4d, 0xff, 0xfe, 0x50, 0x0, 0xbf,
    0xfa, 0xfa, 0xef, 0xc1, 0xd, 0xa1, 0x3f, 0x60,
    0x8e, 0x10, 0x0, 0x3, 0xf6, 0x0, 0x0, 0x0,
    0x0, 0x3f, 0x50, 0x0, 0x0,

    /* U+002B "+" */
    0x0, 0x0, 0x3, 0xff, 0x10, 0x0, 0x0, 0x0,
    0x0, 0x3f, 0xf1, 0x0, 0x0, 0x0, 0x0, 0x3,
    0xff, 0x10, 0x0, 0x0, 0x0, 0x0, 0x3f, 0xf1,
    0x0, 0x0, 0x0, 0x0, 0x3, 0xff, 0x10, 0x0,
    0x0, 0xff, 0xff, 0xff, 0xff, 0xff, 0xfd, 0xf,
    0xff, 0xff, 0xff, 0xff, 0xff, 0xe0, 0x66, 0x66,
    0x8f, 0xf7, 0x66, 0x65, 0x0, 0x0, 0x3, 0xff,
    0x10, 0x0, 0x0, 0x0, 0x0, 0x3f, 0xf1, 0x0,
    0x0, 0x0, 0x0, 0x3, 0xff, 0x10, 0x0, 0x0,
    0x0, 0x0, 0x3f, 0xf1, 0x0, 0x0, 0x0, 0x0,
    0x0, 0x55, 0x0, 0x0, 0x0,

    /* U+002C "," */
    0x0, 0x0, 0x0, 0x4f, 0xf1, 0x7, 0xfd, 0x0,
    0xaf, 0x90, 0xd, 0xf5, 0x0, 0xff, 0x10, 0x2f,
    0xd0, 0x5, 0xf8, 0x0,

    /* U+002D "-" */
    0x6, 0x66, 0x66, 0x66, 0x66, 0x0, 0xff, 0xff,
    0xff, 0xff, 0xf3, 0xf, 0xff, 0xff, 0xff, 0xff,
    0x20,

    /* U+002E "." */
    0x3, 0xa8, 0x0, 0xdf, 0xf6, 0xf, 0xff, 0x80,
    0x6f, 0xc1,

    /* U+002F "/" */
    0x0, 0x0, 0x0, 0xa, 0xff, 0x0, 0x0, 0x0,
    0x1, 0xff, 0xa0, 0x0, 0x0, 0x0, 0x6f, 0xf4,
    0x0, 0x0, 0x0, 0xb, 0xff, 0x0, 0x0, 0x0,
    0x1, 0xff, 0xa0, 0x0, 0x0, 0x0, 0x6f, 0xf4,
    0x0, 0x0, 0x0, 0xb, 0xfe, 0x0, 0x0, 0x0,
    0x1, 0xff, 0x90, 0x0, 0x0, 0x0, 0x6f, 0xf4,
    0x0, 0x0, 0x0, 0xb, 0xfe, 0x0, 0x0, 0x0,
    0x1, 0xff, 0x90, 0x0, 0x0, 0x0, 0x6f, 0xf4,
    0x0, 0x0, 0x0, 0xc, 0xfe, 0x0, 0x0, 0x0,
    0x1, 0xff, 0x90, 0x0, 0x0, 0x0, 0x7f, 0xf3,
    0x0, 0x0, 0x0, 0xc, 0xfe, 0x0, 0x0, 0x0,
    0x1, 0xff, 0x90, 0x0, 0x0, 0x0, 0x7f, 0xf3,
    0x0, 0x0, 0x0, 0xc, 0xfe, 0x0, 0x0, 0x0,
    0x1, 0xff, 0x80, 0x0, 0x0, 0x0,

    /* U+0030 "0" */
    0x0, 0x3, 0x9d, 0xff, 0xd8, 0x10, 0x0, 0x0,
    0x7f, 0xff, 0xff, 0xff, 0xf4, 0x0, 0x5, 0xff,
    0xfb, 0x88, 0xcf, 0xff, 0x20, 0xd, 0xff, 0x50,
    0x0, 0x7, 0xff, 0xa0, 0x1f, 0xfb, 0x0, 0x0,
    0x0, 0xdf, 0xf0, 0x3f, 0xf7, 0x0, 0x0, 0x0,
    0xaf, 0xf1, 0x4f, 0xf6, 0x0, 0x0, 0x0, 0x9f,
    0xf1, 0x4f, 0xf6, 0x0, 0x0, 0x0, 0x9f, 0xf1,
    0x4f, 0xf6, 0x0, 0x0, 0x0, 0x9f, 0xf1, 0x4f,
    0xf6, 0x0, 0x0, 0x0, 0x9f, 0xf1, 0x4f, 0xf6,
    0x0, 0x0, 0x0, 0x9f, 0xf1, 0x4f, 0xf6, 0x0,
    0x0, 0x0, 0x9f, 0xf1, 0x4f, 0xf6, 0x0, 0x0,
    0x0, 0x9f, 0xf1, 0x4f, 0xf6, 0x0, 0x0, 0x0,
    0x9f, 0xf1, 0x3f, 0xf7, 0x0, 0x0, 0x0, 0xaf,
    0xf1, 0x1f, 0xfa, 0x0, 0x0, 0x0, 0xdf, 0xf0,
    0xd, 0xff, 0x50, 0x0, 0x7, 0xff, 0xa0, 0x5,
    0xff, 0xfb, 0x78, 0xcf, 0xff, 0x20, 0x0, 0x7f,
    0xff, 0xff, 0xff, 0xf4, 0x0, 0x0, 0x3, 0xad,
    0xff, 0xd8, 0x10, 0x0,

    /* U+0031 "1" */
    0x0, 0x4c, 0xff, 0x93, 0xcf, 0xff, 0xf9, 0x9f,
    0xff, 0xff, 0x96, 0xa4, 0x1f, 0xf9, 0x0, 0x1,
    0xff, 0x90, 0x0, 0x1f, 0xf9, 0x0, 0x1, 0xff,
    0x90, 0x0, 0x1f, 0xf9, 0x0, 0x1, 0xff, 0x90,
    0x0, 0x1f, 0xf9, 0x0, 0x1, 0xff, 0x90, 0x0,
    0x1f, 0xf9, 0x0, 0x1, 0xff, 0x90, 0x0, 0x1f,
    0xf9, 0x0, 0x1, 0xff, 0x90, 0x0, 0x1f, 0xf9,
    0x0, 0x1, 0xff, 0x90, 0x0, 0x1f, 0xf9, 0x0,
    0x1, 0xff, 0x90, 0x0, 0x1f, 0xf9,

    /* U+0032 "2" */
    0x0, 0x6, 0xce, 0xfe, 0xa4, 0x0, 0x0, 0x1d,
    0xff, 0xff, 0xff, 0xf9, 0x0, 0xc, 0xff, 0xe8,
    0x79, 0xff, 0xf7, 0x3, 0xff, 0xc0, 0x0, 0x2,
    0xff, 0xe0, 0x7f, 0xf5, 0x0, 0x0, 0x9, 0xff,
    0x28, 0xff, 0x20, 0x0, 0x0, 0x7f, 0xf3, 0x37,
    0x71, 0x0, 0x0, 0xb, 0xff, 0x10, 0x0, 0x0,
    0x0, 0x2, 0xff, 0xb0, 0x0, 0x0, 0x0, 0x0,
    0xcf, 0xf3, 0x0, 0x0, 0x0, 0x0, 0x8f, 0xfa,
    0x0, 0x0, 0x0, 0x0, 0x5f, 0xfe, 0x0, 0x0,
    0x0, 0x0, 0x3f, 0xff, 0x30, 0x0, 0x0, 0x0,
    0x1e, 0xff, 0x50, 0x0, 0x0, 0x0, 0xc, 0xff,
    0x80, 0x0, 0x0, 0x0, 0xb, 0xff, 0xa0, 0x0,
    0x0, 0x0, 0x8, 0xff, 0xc0, 0x0, 0x0, 0x0,
    0x6, 0xff, 0xd1, 0x0, 0x0, 0x0, 0x3, 0xff,
    0xf9, 0x77, 0x77, 0x77, 0x75, 0x7f, 0xff, 0xff,
    0xff, 0xff, 0xff, 0xc7, 0xff, 0xff, 0xff, 0xff,
    0xff, 0xfc,

    /* U+0033 "3" */
    0x7f, 0xff, 0xff, 0xff, 0xff, 0xfe, 0x8, 0xff,
    0xff, 0xff, 0xff, 0xff, 0xe0, 0x37, 0x77, 0x77,
    0x78, 0xff, 0xfc, 0x0, 0x0, 0x0, 0x0, 0xaf,
    0xfe, 0x20, 0x0, 0x0, 0x0, 0x9f, 0xff, 0x20,
    0x0, 0x0, 0x0, 0x8f, 0xff, 0x30, 0x0, 0x0,
    0x0, 0x7f, 0xff, 0x50, 0x0, 0x0, 0x0, 0x5f,
    0xff, 0xc4, 0x0, 0x0, 0x0, 0x3, 0xff, 0xff,
    0xfd, 0x20, 0x0, 0x0, 0x6, 0x53, 0x7f, 0xfe,
    0x10, 0x0, 0x0, 0x0, 0x0, 0x5f, 0xf8, 0x0,
    0x0, 0x0, 0x0, 0x0, 0xef, 0xd0, 0x0, 0x0,
    0x0, 0x0, 0xb, 0xff, 0x5, 0x76, 0x0, 0x0,
    0x0, 0xaf, 0xf0, 0xbf, 0xf0, 0x0, 0x0, 0xb,
    0xff, 0x8, 0xff, 0x40, 0x0, 0x0, 0xff, 0xd0,
    0x3f, 0xfc, 0x0, 0x0, 0x8f, 0xf8, 0x0, 0xaf,
    0xfd, 0x77, 0xbf, 0xff, 0x10, 0x0, 0xcf, 0xff,
    0xff, 0xfe, 0x30, 0x0, 0x0, 0x6c, 0xff, 0xd8,
    0x10, 0x0,

    /* U+0034 "4" */
    0x0, 0x0, 0x5, 0xff, 0x70, 0x0, 0x0, 0x0,
    0x0, 0xc, 0xff, 0x10, 0x0, 0x0, 0x0, 0x0,
    0x3f, 0xf9, 0x0, 0x0, 0x0, 0x0, 0x0, 0xbf,
    0xf2, 0x0, 0x0, 0x0, 0x0, 0x2, 0xff, 0xb0,
    0x0, 0x0, 0x0, 0x0, 0x9, 0xff, 0x30, 0x0,
    0x0, 0x0, 0x0, 0x1f, 0xfc, 0x0, 0x0, 0x0,
    0x0, 0x0, 0x8f, 0xf5, 0x0, 0x9, 0xb8, 0x0,
    0x0, 0xef, 0xe0, 0x0, 0xe, 0xfc, 0x0, 0x6,
    0xff, 0x70, 0x0, 0xe, 0xfc, 0x0, 0xd, 0xff,
    0x0, 0x0, 0xe, 0xfc, 0x0, 0x5f, 0xf8, 0x0,
    0x0, 0xe, 0xfc, 0x0, 0xbf, 0xff, 0xff, 0xff,
    0xff, 0xff, 0xf5, 0xcf, 0xff, 0xff, 0xff, 0xff,
    0xff, 0xf6, 0x69, 0x99, 0x99, 0x99, 0x9f, 0xfe,
    0x93, 0x0, 0x0, 0x0, 0x0, 0xe, 0xfc, 0x0,
    0x0, 0x0, 0x0, 0x0, 0xe, 0xfc, 0x0, 0x0,
    0x0, 0x0, 0x0, 0xe, 0xfc, 0x0, 0x0, 0x0,
    0x0, 0x0, 0xe, 0xfc, 0x0, 0x0, 0x0, 0x0,
    0x0, 0xd, 0xfc, 0x0,

    /* U+0035 "5" */
    0x5f, 0xff, 0xff, 0xff, 0xff, 0xfa, 0x6, 0xff,
    0xff, 0xff, 0xff, 0xff, 0xa0, 0x6f, 0xf9, 0x66,
    0x66, 0x66, 0x63, 0x6, 0xff, 0x40, 0x0, 0x0,
    0x0, 0x0, 0x6f, 0xf4, 0x0, 0x0, 0x0, 0x0,
    0x6, 0xff, 0x40, 0x0, 0x0, 0x0, 0x0, 0x6f,
    0xf4, 0x0, 0x0, 0x0, 0x0, 0x6, 0xff, 0x47,
    0xdf, 0xfc, 0x60, 0x0, 0x6f, 0xfe, 0xff, 0xff,
    0xff, 0xa0, 0x6, 0xff, 0xff, 0x97, 0x9f, 0xff,
    0x70, 0x6f, 0xfd, 0x10, 0x0, 0x2f, 0xfe, 0x2,
    0x88, 0x30, 0x0, 0x0, 0x9f, 0xf3, 0x0, 0x0,
    0x0, 0x0, 0x6, 0xff, 0x50, 0x0, 0x0, 0x0,
    0x0, 0x5f, 0xf6, 0x29, 0x93, 0x0, 0x0, 0x6,
    0xff, 0x53, 0xff, 0x90, 0x0, 0x0, 0xaf, 0xf2,
    0xd, 0xff, 0x30, 0x0, 0x3f, 0xfd, 0x0, 0x5f,
    0xff, 0x97, 0x9f, 0xff, 0x50, 0x0, 0x7f, 0xff,
    0xff, 0xff, 0x70, 0x0, 0x0, 0x4b, 0xef, 0xea,
    0x30, 0x0,

    /* U+0036 "6" */
    0x0, 0x6, 0xcf, 0xfe, 0xa4, 0x0, 0x0, 0x1c,
    0xff, 0xff, 0xff, 0xf9, 0x0, 0xb, 0xff, 0xe9,
    0x7a, 0xff, 0xf6, 0x2, 0xff, 0xd0, 0x0, 0x4,
    0xff, 0xc0, 0x5f, 0xf6, 0x0, 0x0, 0xc, 0xff,
    0x6, 0xff, 0x40, 0x0, 0x0, 0x46, 0x50, 0x6f,
    0xf4, 0x0, 0x0, 0x0, 0x0, 0x6, 0xff, 0x46,
    0xdf, 0xec, 0x60, 0x0, 0x6f, 0xfd, 0xff, 0xff,
    0xff, 0xa0, 0x6, 0xff, 0xfe, 0x86, 0x8f, 0xff,
    0x70, 0x6f, 0xff, 0x20, 0x0, 0x3f, 0xfe, 0x6,
    0xff, 0x90, 0x0, 0x0, 0xaf, 0xf3, 0x6f, 0xf6,
    0x0, 0x0, 0x5, 0xff, 0x56, 0xff, 0x40, 0x0,
    0x0, 0x4f, 0xf6, 0x5f, 0xf5, 0x0, 0x0, 0x6,
    0xff, 0x53, 0xff, 0x90, 0x0, 0x0, 0xaf, 0xf2,
    0xe, 0xff, 0x30, 0x0, 0x3f, 0xfd, 0x0, 0x6f,
    0xff, 0x97, 0x9f, 0xff, 0x50, 0x0, 0x8f, 0xff,
    0xff, 0xff, 0x80, 0x0, 0x0, 0x4a, 0xdf, 0xeb,
    0x40, 0x0,

    /* U+0037 "7" */
    0x1f, 0xff, 0xff, 0xff, 0xff, 0xff, 0xe2, 0xff,
    0xff, 0xff, 0xff, 0xff, 0xff, 0x2f, 0xf8, 0x77,
    0x77, 0x78, 0xff, 0xd1, 0xff, 0x10, 0x0, 0x0,
    0x5f, 0xf8, 0x2, 0x20, 0x0, 0x0, 0xb, 0xff,
    0x20, 0x0, 0x0, 0x0, 0x1, 0xff, 0xc0, 0x0,
    0x0, 0x0, 0x0, 0x7f, 0xf6, 0x0, 0x0, 0x0,
    0x0, 0xc, 0xff, 0x10, 0x0, 0x0, 0x0, 0x2,
    0xff, 0xb0, 0x0, 0x0, 0x0, 0x0, 0x8f, 0xf5,
    0x0, 0x0, 0x0, 0x0, 0xe, 0xfe, 0x0, 0x0,
    0x0, 0x0, 0x4, 0xff, 0x90, 0x0, 0x0, 0x0,
    0x0, 0xaf, 0xf3, 0x0, 0x0, 0x0, 0x0, 0xf,
    0xfd, 0x0, 0x0, 0x0, 0x0, 0x6, 0xff, 0x70,
    0x0, 0x0, 0x0, 0x0, 0xcf, 0xf1, 0x0, 0x0,
    0x0, 0x0, 0x2f, 0xfb, 0x0, 0x0, 0x0, 0x0,
    0x8, 0xff, 0x60, 0x0, 0x0, 0x0, 0x0, 0xdf,
    0xf0, 0x0, 0x0, 0x0, 0x0, 0x3f, 0xf9, 0x0,
    0x0, 0x0,

    /* U+0038 "8" */
    0x0, 0x5, 0xbe, 0xfe, 0xa3, 0x0, 0x0, 0xa,
    0xff, 0xff, 0xff, 0xf6, 0x0, 0x8, 0xff, 0xe8,
    0x7a, 0xff, 0xf3, 0x0, 0xff, 0xe1, 0x0, 0x4,
    0xff, 0xb0, 0x3f, 0xf7, 0x0, 0x0, 0xc, 0xfe,
    0x3, 0xff, 0x60, 0x0, 0x0, 0xbf, 0xe0, 0x1f,
    0xfb, 0x0, 0x0, 0x1f, 0xfb, 0x0, 0x8f, 0xf9,
    0x21, 0x4c, 0xff, 0x40, 0x0, 0xaf, 0xff, 0xff,
    0xff, 0x60, 0x0, 0xa, 0xff, 0xff, 0xff, 0xf6,
    0x0, 0x9, 0xff, 0x81, 0x3, 0xbf, 0xf4, 0x2,
    0xff, 0xa0, 0x0, 0x0, 0xef, 0xd0, 0x6f, 0xf4,
    0x0, 0x0, 0x9, 0xff, 0x28, 0xff, 0x20, 0x0,
    0x0, 0x7f, 0xf3, 0x8f, 0xf3, 0x0, 0x0, 0x8,
    0xff, 0x36, 0xff, 0x70, 0x0, 0x0, 0xbf, 0xf1,
    0x1f, 0xfe, 0x10, 0x0, 0x4f, 0xfc, 0x0, 0x9f,
    0xfe, 0x87, 0xaf, 0xff, 0x50, 0x0, 0xbf, 0xff,
    0xff, 0xff, 0x80, 0x0, 0x0, 0x5b, 0xef, 0xea,
    0x30, 0x0,

    /* U+0039 "9" */
    0x0, 0x6, 0xce, 0xfd, 0x81, 0x0, 0x0, 0x1d,
    0xff, 0xff, 0xff, 0xf4, 0x0, 0xb, 0xff, 0xd8,
    0x7b, 0xff, 0xf1, 0x3, 0xff, 0xc0, 0x0, 0x6,
    0xff, 0x90, 0x8f, 0xf4, 0x0, 0x0, 0xd, 0xfe,
    0xa, 0xff, 0x0, 0x0, 0x0, 0xaf, 0xf0, 0xaf,
    0xf0, 0x0, 0x0, 0x9, 0xff, 0x19, 0xff, 0x20,
    0x0, 0x0, 0xcf, 0xf1, 0x6f, 0xf8, 0x0, 0x0,
    0x2f, 0xff, 0x10, 0xff, 0xf7, 0x10, 0x4d, 0xff,
    0xf1, 0x6, 0xff, 0xff, 0xff, 0xff, 0xff, 0x10,
    0x5, 0xef, 0xff, 0xf9, 0x9f, 0xf1, 0x0, 0x0,
    0x34, 0x41, 0x9, 0xff, 0x10, 0x0, 0x0, 0x0,
    0x0, 0x9f, 0xf1, 0x3d, 0xd5, 0x0, 0x0, 0x9,
    0xff, 0x13, 0xff, 0x90, 0x0, 0x0, 0xcf, 0xf0,
    0xf, 0xff, 0x20, 0x0, 0x5f, 0xfd, 0x0, 0x9f,
    0xff, 0x97, 0xaf, 0xff, 0x60, 0x0, 0xbf, 0xff,
    0xff, 0xff, 0x90, 0x0, 0x0, 0x6b, 0xef, 0xeb,
    0x40, 0x0,

    /* U+003A ":" */
    0x2a, 0x80, 0xdf, 0xf7, 0xef, 0xf8, 0x6e, 0xd1,
    0x0, 0x0, 0x0, 0x0, 0x0, 0x0, 0x0, 0x0,
    0x0, 0x0, 0x0, 0x0, 0x2a, 0x80, 0xdf, 0xf7,
    0xef, 0xf8, 0x6e, 0xd1,

    /* U+003B ";" */
    0x0, 0x0, 0x0, 0xbf, 0xa0, 0x7f, 0xff, 0x67,
    0xff, 0xf6, 0x1b, 0xfa, 0x0, 0x0, 0x0, 0x0,
    0x0, 0x0, 0x0, 0x0, 0x0, 0x0, 0x0, 0x0,
    0x0, 0x9, 0xd9, 0x0, 0xdf, 0x80, 0xf, 0xf4,
    0x1, 0xff, 0x10, 0x3f, 0xe0, 0x5, 0xfa, 0x0,
    0x6f, 0x70, 0x0,

    /* U+003C "<" */
    0x0, 0x0, 0x0, 0x0, 0x0, 0x1, 0x60, 0x0,
    0x0, 0x0, 0x0, 0x29, 0xfe, 0x0, 0x0, 0x0,
    0x3, 0xaf, 0xff, 0xd0, 0x0, 0x0, 0x3b, 0xff,
    0xff, 0x92, 0x0, 0x4, 0xcf, 0xff, 0xe7, 0x10,
    0x0, 0x5d, 0xff, 0xfd, 0x60, 0x0, 0x0, 0xf,
    0xff, 0xc4, 0x0, 0x0, 0x0, 0x0, 0xff, 0xf7,
    0x10, 0x0, 0x0, 0x0, 0x9, 0xff, 0xff, 0x92,
    0x0, 0x0, 0x0, 0x1, 0x8f, 0xff, 0xfa, 0x30,
    0x0, 0x0, 0x0, 0x17, 0xef, 0xff, 0xc5, 0x0,
    0x0, 0x0, 0x0, 0x7e, 0xff, 0xfc, 0x0, 0x0,
    0x0, 0x0, 0x6, 0xdf, 0xe0, 0x0, 0x0, 0x0,
    0x0, 0x0, 0x5a,

    /* U+003D "=" */
    0x6, 0x66, 0x66, 0x66, 0x66, 0x66, 0x50, 0xff,
    0xff, 0xff, 0xff, 0xff, 0xfe, 0xf, 0xff, 0xff,
    0xff, 0xff, 0xff, 0xd0, 0x0, 0x0, 0x0, 0x0,
    0x0, 0x0, 0x0, 0x0, 0x0, 0x0, 0x0, 0x0,
    0x0, 0x0, 0x0, 0x0, 0x0, 0x0, 0x0, 0x6,
    0x66, 0x66, 0x66, 0x66, 0x66, 0x50, 0xff, 0xff,
    0xff, 0xff, 0xff, 0xfe, 0xf, 0xff, 0xff, 0xff,
    0xff, 0xff, 0xd0,

    /* U+003E ">" */
    0x7, 0x10, 0x0, 0x0, 0x0, 0x0, 0x0, 0xff,
    0x81, 0x0, 0x0, 0x0, 0x0, 0xf, 0xff, 0xf9,
    0x20, 0x0, 0x0, 0x0, 0x3a, 0xff, 0xff, 0xa3,
    0x0, 0x0, 0x0, 0x1, 0x9f, 0xff, 0xfb, 0x30,
    0x0, 0x0, 0x0, 0x17, 0xef, 0xff, 0xc4, 0x0,
    0x0, 0x0, 0x0, 0x6d, 0xff, 0xd0, 0x0, 0x0,
    0x0, 0x2, 0x9f, 0xfe, 0x0, 0x0, 0x0, 0x3a,
    0xff, 0xff, 0x70, 0x0, 0x4, 0xbf, 0xff, 0xe7,
    0x0, 0x0, 0x6d, 0xff, 0xfe, 0x60, 0x0, 0x0,
    0xef, 0xff, 0xd6, 0x0, 0x0, 0x0, 0xf, 0xfc,
    0x50, 0x0, 0x0, 0x0, 0x0, 0xb4, 0x0, 0x0,
    0x0, 0x0, 0x0,

    /* U+003F "?" */
    0x0, 0x29, 0xdf, 0xfc, 0x70, 0x0, 0x5, 0xff,
    0xff, 0xff, 0xfd, 0x10, 0x3f, 0xff, 0xc9, 0xae,
    0xff, 0xc0, 0xaf, 0xf6, 0x0, 0x1, 0xdf, 0xf3,
    0xef, 0xd0, 0x0, 0x0, 0x6f, 0xf6, 0xff, 0xb0,
    0x0, 0x0, 0x4f, 0xf6, 0x34, 0x20, 0x0, 0x0,
    0x8f, 0xf4, 0x0, 0x0, 0x0, 0x5, 0xff, 0xd0,
    0x0, 0x0, 0x0, 0x7f, 0xff, 0x30, 0x0, 0x0,
    0x9, 0xff, 0xe3, 0x0, 0x0, 0x0, 0x8f, 0xfc,
    0x10, 0x0, 0x0, 0x0, 0xff, 0xe0, 0x0, 0x0,
    0x0, 0x1, 0xff, 0xa0, 0x0, 0x0, 0x0, 0x1,
    0xff, 0x90, 0x0, 0x0, 0x0, 0x0, 0x11, 0x0,
    0x0, 0x0, 0x0, 0x0, 0x0, 0x0, 0x0, 0x0,
    0x0, 0x0, 0x8a, 0x20, 0x0, 0x0, 0x0, 0x7,
    0xff, 0xd0, 0x0, 0x0, 0x0, 0x8, 0xff, 0xe0,
    0x0, 0x0, 0x0, 0x2, 0xde, 0x60, 0x0, 0x0,

    /* U+0040 "@" */
    0x0, 0x0, 0x0, 0x2, 0x8c, 0xef, 0xfd, 0x94,
    0x0, 0x0, 0x0, 0x0, 0x0, 0x2b, 0xff, 0xfd,
    0xde, 0xff, 0xfb, 0x10, 0x0, 0x0, 0x0, 0x6f,
    0xfb, 0x50, 0x0, 0x0, 0x5d, 0xfe, 0x20, 0x0,
    0x0, 0x6f, 0xe5, 0x0, 0x0, 0x0, 0x0, 0x9,
    0xfd, 0x0, 0x0, 0x4f, 0xe2, 0x0, 0x0, 0x0,
    0x0, 0x0, 0xb, 0xf8, 0x0, 0xe, 0xf3, 0x0,
    0x3, 0x8a, 0x72, 0xa7, 0x0, 0x2f, 0xe0, 0x7,
    0xf9, 0x0, 0x7, 0xff, 0xff, 0xef, 0x90, 0x0,
    0xcf, 0x30, 0xdf, 0x20, 0x3, 0xfe, 0x30, 0x6f,
    0xf7, 0x0, 0x8, 0xf6, 0x1f, 0xc0, 0x0, 0xaf,
    0x30, 0x0, 0xcf, 0x50, 0x0, 0x7f, 0x75, 0xf9,
    0x0, 0xe, 0xe0, 0x0, 0xc, 0xf3, 0x0, 0x7,
    0xf6, 0x6f, 0x70, 0x1, 0xfc, 0x0, 0x0, 0xdf,
    0x0, 0x0, 0x9f, 0x57, 0xf6, 0x0, 0x3f, 0xa0,
    0x0, 0xf, 0xf0, 0x0, 0xd, 0xf2, 0x7f, 0x70,
    0x3, 0xfa, 0x0, 0x4, 0xff, 0x0, 0x3, 0xfd,
    0x5, 0xf9, 0x0, 0x1f, 0xe2, 0x1, 0xdf, 0xf5,
    0x1, 0xcf, 0x60, 0x2f, 0xd0, 0x0, 0xaf, 0xfd,
    0xff, 0xcf, 0xfd, 0xff, 0xa0, 0x0, 0xdf, 0x30,
    0x0, 0x8d, 0xfd, 0x50, 0x8e, 0xfd, 0x70, 0x0,
    0x6, 0xfd, 0x0, 0x0, 0x0, 0x0, 0x0, 0x0,
    0x0, 0x0, 0x0, 0xc, 0xfb, 0x0, 0x0, 0x0,
    0x0, 0x0, 0x0, 0x0, 0x0, 0x0, 0x2e, 0xfd,
    0x61, 0x0, 0x1, 0x5c, 0x90, 0x0, 0x0, 0x0,
    0x0, 0x1c, 0xff, 0xff, 0xef, 0xff, 0xf8, 0x0,
    0x0, 0x0, 0x0, 0x0, 0x5, 0xae, 0xff, 0xeb,
    0x71, 0x0, 0x0, 0x0, 0x0,

    /* U+0041 "A" */
    0x0, 0x0, 0x0, 0xf, 0xff, 0x90, 0x0, 0x0,
    0x0, 0x0, 0x0, 0x5, 0xff, 0xfe, 0x0, 0x0,
    0x0, 0x0, 0x0, 0x0, 0xaf, 0xff, 0xf4, 0x0,
    0x0, 0x0, 0x0, 0x0, 0xf, 0xfc, 0xff, 0x90,
    0x0, 0x0, 0x0, 0x0, 0x4, 0xff, 0x5c, 0xfe,
    0x0, 0x0, 0x0, 0x0, 0x0, 0x9f, 0xf1, 0x7f,
    0xf3, 0x0, 0x0, 0x0, 0x0, 0xe, 0xfb, 0x2,
    0xff, 0x80, 0x0, 0x0, 0x0, 0x3, 0xff, 0x60,
    0xd, 0xfd, 0x0, 0x0, 0x0, 0x0, 0x8f, 0xf1,
    0x0, 0x8f, 0xf2, 0x0, 0x0, 0x0, 0xd, 0xfc,
    0x0, 0x3, 0xff, 0x70, 0x0, 0x0, 0x2, 0xff,
    0x70, 0x0, 0xe, 0xfc, 0x0, 0x0, 0x0, 0x7f,
    0xf2, 0x0, 0x0, 0x9f, 0xf1, 0x0, 0x0, 0xd,
    0xfd, 0x0, 0x0, 0x4, 0xff, 0x60, 0x0, 0x2,
    0xff, 0x90, 0x0, 0x0, 0xf, 0xfc, 0x0, 0x0,
    0x7f, 0xff, 0xff, 0xff, 0xff, 0xff, 0xf1, 0x0,
    0xc, 0xff, 0xff, 0xff, 0xff, 0xff, 0xff, 0x60,
    0x1, 0xff, 0xc4, 0x44, 0x44, 0x44, 0x4f, 0xfb,
    0x0, 0x6f, 0xf6, 0x0, 0x0, 0x0, 0x0, 0xcf,
    0xf0, 0xb, 0xff, 0x20, 0x0, 0x0, 0x0, 0x8,
    0xff, 0x50, 0xff, 0xc0, 0x0, 0x0, 0x0, 0x0,
    0x3f, 0xfa,

    /* U+0042 "B" */
    0xaf, 0xff, 0xff, 0xff, 0xeb, 0x60, 0x0, 0xbf,
    0xff, 0xff, 0xff, 0xff, 0xfd, 0x10, 0xbf, 0xf6,
    0x66, 0x67, 0x9f, 0xff, 0xc0, 0xbf, 0xf0, 0x0,
    0x0, 0x1, 0xef, 0xf2, 0xbf, 0xf0, 0x0, 0x0,
    0x0, 0x6f, 0xf6, 0xbf, 0xf0, 0x0, 0x0, 0x0,
    0x3f, 0xf6, 0xbf, 0xf0, 0x0, 0x0, 0x0, 0x5f,
    0xf4, 0xbf, 0xf0, 0x0, 0x0, 0x1, 0xdf, 0xe0,
    0xbf, 0xf6, 0x66, 0x66, 0x8e, 0xff, 0x40, 0xbf,
    0xff, 0xff, 0xff, 0xff, 0xe2, 0x0, 0xbf, 0xff,
    0xff, 0xff, 0xff, 0xfc, 0x10, 0xbf, 0xf0, 0x0,
    0x0, 0x28, 0xff, 0xd0, 0xbf, 0xf0, 0x0, 0x0,
    0x0, 0x8f, 0xf5, 0xbf, 0xf0, 0x0, 0x0, 0x0,
    0x1f, 0xf9, 0xbf, 0xf0, 0x0, 0x0, 0x0, 0xf,
    0xfa, 0xbf, 0xf0, 0x0, 0x0, 0x0, 0x3f, 0xf9,
    0xbf, 0xf0, 0x0, 0x0, 0x1, 0xdf, 0xf5, 0xbf,
    0xf8, 0x88, 0x88, 0xaf, 0xff, 0xd0, 0xbf, 0xff,
    0xff, 0xff, 0xff, 0xfd, 0x20, 0xaf, 0xff, 0xff,
    0xff, 0xec, 0x70, 0x0,

    /* U+0043 "C" */
    0x0, 0x0, 0x5b, 0xef, 0xec, 0x71, 0x0, 0x0,
    0x2, 0xdf, 0xff, 0xff, 0xff, 0xe4, 0x0, 0x1,
    0xef, 0xfd, 0x86, 0x7c, 0xff, 0xf3, 0x0, 0x9f,
    0xf9, 0x0, 0x0, 0x6, 0xff, 0xc0, 0xf, 0xfd,
    0x0, 0x0, 0x0, 0xa, 0xff, 0x22, 0xff, 0x80,
    0x0, 0x0, 0x0, 0x5f, 0xf5, 0x3f, 0xf7, 0x0,
    0x0, 0x0, 0x2, 0x99, 0x33, 0xff, 0x70, 0x0,
    0x0, 0x0, 0x0, 0x0, 0x3f, 0xf7, 0x0, 0x0,
    0x0, 0x0, 0x0, 0x3, 0xff, 0x70, 0x0, 0x0,
    0x0, 0x0, 0x0, 0x3f, 0xf7, 0x0, 0x0, 0x0,
    0x0, 0x0, 0x3, 0xff, 0x70, 0x0, 0x0, 0x0,
    0x0, 0x0, 0x3f, 0xf7, 0x0, 0x0, 0x0, 0x0,
    0x0, 0x3, 0xff, 0x70, 0x0, 0x0, 0x0, 0x29,
    0x93, 0x2f, 0xf8, 0x0, 0x0, 0x0, 0x5, 0xff,
    0x40, 0xef, 0xd0, 0x0, 0x0, 0x0, 0xbf, 0xf2,
    0x9, 0xff, 0xa0, 0x0, 0x0, 0x7f, 0xfb, 0x0,
    0x1e, 0xff, 0xe8, 0x78, 0xdf, 0xff, 0x20, 0x0,
    0x2d, 0xff, 0xff, 0xff, 0xfe, 0x30, 0x0, 0x0,
    0x6, 0xbe, 0xfe, 0xc7, 0x0, 0x0,

    /* U+0044 "D" */
    0xaf, 0xff, 0xff, 0xff, 0xeb, 0x50, 0x0, 0xbf,
    0xff, 0xff, 0xff, 0xff, 0xfc, 0x10, 0xbf, 0xf6,
    0x66, 0x66, 0x8e, 0xff, 0xc0, 0xbf, 0xf0, 0x0,
    0x0, 0x1, 0xdf, 0xf5, 0xbf, 0xf0, 0x0, 0x0,
    0x0, 0x4f, 0xf9, 0xbf, 0xf0, 0x0, 0x0, 0x0,
    0xf, 0xfb, 0xbf, 0xf0, 0x0, 0x0, 0x0, 0xf,
    0xfb, 0xbf, 0xf0, 0x0, 0x0, 0x0, 0xf, 0xfb,
    0xbf, 0xf0, 0x0, 0x0, 0x0, 0xf, 0xfb, 0xbf,
    0xf0, 0x0, 0x0, 0x0, 0xf, 0xfb, 0xbf, 0xf0,
    0x0, 0x0, 0x0, 0xf, 0xfb, 0xbf, 0xf0, 0x0,
    0x0, 0x0, 0xf, 0xfb, 0xbf, 0xf0, 0x0, 0x0,
    0x0, 0xf, 0xfb, 0xbf, 0xf0, 0x0, 0x0, 0x0,
    0xf, 0xfb, 0xbf, 0xf0, 0x0, 0x0, 0x0, 0x1f,
    0xfb, 0xbf, 0xf0, 0x0, 0x0, 0x0, 0x5f, 0xf9,
    0xbf, 0xf0, 0x0, 0x0, 0x2, 0xef, 0xf5, 0xbf,
    0xf7, 0x77, 0x77, 0xaf, 0xff, 0xc0, 0xbf, 0xff,
    0xff, 0xff, 0xff, 0xfc, 0x10, 0xaf, 0xff, 0xff,
    0xff, 0xeb, 0x50, 0x0,

    /* U+0045 "E" */
    0xaf, 0xff, 0xff, 0xff, 0xff, 0xff, 0xf4, 0xbf,
    0xff, 0xff, 0xff, 0xff, 0xff, 0xf5, 0xbf, 0xf6,
    0x66, 0x66, 0x66, 0x66, 0x61, 0xbf, 0xf0, 0x0,
    0x0, 0x0, 0x0, 0x0, 0xbf, 0xf0, 0x0, 0x0,
    0x0, 0x0, 0x0, 0xbf, 0xf0, 0x0, 0x0, 0x0,
    0x0, 0x0, 0xbf, 0xf0, 0x0, 0x0, 0x0, 0x0,
    0x0, 0xbf, 0xf0, 0x0, 0x0, 0x0, 0x0, 0x0,
    0xbf, 0xf7, 0x77, 0x77, 0x77, 0x10, 0x0, 0xbf,
    0xff, 0xff, 0xff, 0xff, 0x30, 0x0, 0xbf, 0xff,
    0xff, 0xff, 0xff, 0x20, 0x0, 0xbf, 0xf0, 0x0,
    0x0, 0x0, 0x0, 0x0, 0xbf, 0xf0, 0x0, 0x0,
    0x0, 0x0, 0x0, 0xbf, 0xf0, 0x0, 0x0, 0x0,
    0x0, 0x0, 0xbf, 0xf0, 0x0, 0x0, 0x0, 0x0,
    0x0, 0xbf, 0xf0, 0x0, 0x0, 0x0, 0x0, 0x0,
    0xbf, 0xf0, 0x0, 0x0, 0x0, 0x0, 0x0, 0xbf,
    0xf7, 0x77, 0x77, 0x77, 0x77, 0x72, 0xbf, 0xff,
    0xff, 0xff, 0xff, 0xff, 0xf5, 0xaf, 0xff, 0xff,
    0xff, 0xff, 0xff, 0xf4,

    /* U+0046 "F" */
    0xaf, 0xff, 0xff, 0xff, 0xff, 0xff, 0xf4, 0xbf,
    0xff, 0xff, 0xff, 0xff, 0xff, 0xf4, 0xbf, 0xf6,
    0x66, 0x66, 0x66, 0x66, 0x61, 0xbf, 0xf0, 0x0,
    0x0, 0x0, 0x0, 0x0, 0xbf, 0xf0, 0x0, 0x0,
    0x0, 0x0, 0x0, 0xbf, 0xf0, 0x0, 0x0, 0x0,
    0x0, 0x0, 0xbf, 0xf0, 0x0, 0x0, 0x0, 0x0,
    0x0, 0xbf, 0xf0, 0x0, 0x0, 0x0, 0x0, 0x0,
    0xbf, 0xf7, 0x77, 0x77, 0x77, 0x10, 0x0, 0xbf,
    0xff, 0xff, 0xff, 0xff, 0x30, 0x0, 0xbf, 0xff,
    0xff, 0xff, 0xff, 0x20, 0x0, 0xbf, 0xf0, 0x0,
    0x0, 0x0, 0x0, 0x0, 0xbf, 0xf0, 0x0, 0x0,
    0x0, 0x0, 0x0, 0xbf, 0xf0, 0x0, 0x0, 0x0,
    0x0, 0x0, 0xbf, 0xf0, 0x0, 0x0, 0x0, 0x0,
    0x0, 0xbf, 0xf0, 0x0, 0x0, 0x0, 0x0, 0x0,
    0xbf, 0xf0, 0x0, 0x0, 0x0, 0x0, 0x0, 0xbf,
    0xf0, 0x0, 0x0, 0x0, 0x0, 0x0, 0xbf, 0xf0,
    0x0, 0x0, 0x0, 0x0, 0x0, 0xaf, 0xf0, 0x0,
    0x0, 0x0, 0x0, 0x0,

    /* U+0047 "G" */
    0x0, 0x0, 0x5b, 0xef, 0xec, 0x71, 0x0, 0x0,
    0x2, 0xdf, 0xff, 0xff, 0xff, 0xe5, 0x0, 0x1,
    0xdf, 0xfe, 0x97, 0x9d, 0xff, 0xf4, 0x0, 0x9f,
    0xfa, 0x0, 0x0, 0x6, 0xff, 0xd0, 0xe, 0xfd,
    0x0, 0x0, 0x0, 0x9, 0xff, 0x32, 0xff, 0x80,
    0x0, 0x0, 0x0, 0x5f, 0xf5, 0x3f, 0xf7, 0x0,
    0x0, 0x0, 0x1, 0x66, 0x23, 0xff, 0x70, 0x0,
    0x0, 0x0, 0x0, 0x0, 0x3f, 0xf7, 0x0, 0x0,
    0x0, 0x0, 0x0, 0x3, 0xff, 0x70, 0x0, 0x6f,
    0xff, 0xff, 0xf6, 0x3f, 0xf7, 0x0, 0x7, 0xff,
    0xff, 0xff, 0x63, 0xff, 0x70, 0x0, 0x27, 0x77,
    0x9f, 0xf6, 0x3f, 0xf7, 0x0, 0x0, 0x0, 0x4,
    0xff, 0x63, 0xff, 0x70, 0x0, 0x0, 0x0, 0x4f,
    0xf5, 0x2f, 0xf8, 0x0, 0x0, 0x0, 0x5, 0xff,
    0x40, 0xef, 0xd0, 0x0, 0x0, 0x0, 0xaf, 0xf1,
    0x9, 0xff, 0xa0, 0x0, 0x0, 0x6f, 0xfb, 0x0,
    0x1d, 0xff, 0xe9, 0x78, 0xcf, 0xff, 0x20, 0x0,
    0x2d, 0xff, 0xff, 0xff, 0xfe, 0x30, 0x0, 0x0,
    0x6, 0xbe, 0xfe, 0xc7, 0x10, 0x0,

    /* U+0048 "H" */
    0xaf, 0xf0, 0x0, 0x0, 0x0, 0xc, 0xfd, 0xbf,
    0xf0, 0x0, 0x0, 0x0, 0xd, 0xfe, 0xbf, 0xf0,
    0x0, 0x0, 0x0, 0xd, 0xfe, 0xbf, 0xf0, 0x0,
    0x0, 0x0, 0xd, 0xfe, 0xbf, 0xf0, 0x0, 0x0,
    0x0, 0xd, 0xfe, 0xbf, 0xf0, 0x0, 0x0, 0x0,
    0xd, 0xfe, 0xbf, 0xf0, 0x0, 0x0, 0x0, 0xd,
    0xfe, 0xbf, 0xf0, 0x0, 0x0, 0x0, 0xd, 0xfe,
    0xbf, 0xf8, 0x88, 0x88, 0x88, 0x8e, 0xfe, 0xbf,
    0xff, 0xff, 0xff, 0xff, 0xff, 0xfe, 0xbf, 0xff,
    0xff, 0xff, 0xff, 0xff, 0xfe, 0xbf, 0xf0, 0x0,
    0x0, 0x0, 0xd, 0xfe, 0xbf, 0xf0, 0x0, 0x0,
    0x0, 0xd, 0xfe, 0xbf, 0xf0, 0x0, 0x0, 0x0,
    0xd, 0xfe, 0xbf, 0xf0, 0x0, 0x0, 0x0, 0xd,
    0xfe, 0xbf, 0xf0, 0x0, 0x0, 0x0, 0xd, 0xfe,
    0xbf, 0xf0, 0x0, 0x0, 0x0, 0xd, 0xfe, 0xbf,
    0xf0, 0x0, 0x0, 0x0, 0xd, 0xfe, 0xbf, 0xf0,
    0x0, 0x0, 0x0, 0xd, 0xfe, 0xaf, 0xf0, 0x0,
    0x0, 0x0, 0xc, 0xfd,

    /* U+0049 "I" */
    0xaf, 0xfb, 0xff, 0xbf, 0xfb, 0xff, 0xbf, 0xfb,
    0xff, 0xbf, 0xfb, 0xff, 0xbf, 0xfb, 0xff, 0xbf,
    0xfb, 0xff, 0xbf, 0xfb, 0xff, 0xbf, 0xfb, 0xff,
    0xbf, 0xfb, 0xff, 0xbf, 0xfa, 0xff,

    /* U+004A "J" */
    0x0, 0x0, 0x0, 0x0, 0x0, 0xb, 0xfe, 0x0,
    0x0, 0x0, 0x0, 0x0, 0xc, 0xfe, 0x0, 0x0,
    0x0, 0x0, 0x0, 0xc, 0xfe, 0x0, 0x0, 0x0,
    0x0, 0x0, 0xc, 0xfe, 0x0, 0x0, 0x0, 0x0,
    0x0, 0xc, 0xfe, 0x0, 0x0, 0x0, 0x0, 0x0,
    0xc, 0xfe, 0x0, 0x0, 0x0, 0x0, 0x0, 0xc,
    0xfe, 0x0, 0x0, 0x0, 0x0, 0x0, 0xc, 0xfe,
    0x0, 0x0, 0x0, 0x0, 0x0, 0xc, 0xfe, 0x0,
    0x0, 0x0, 0x0, 0x0, 0xc, 0xfe, 0x0, 0x0,
    0x0, 0x0, 0x0, 0xc, 0xfe, 0x17, 0x72, 0x0,
    0x0, 0x0, 0xc, 0xfe, 0x4f, 0xf6, 0x0, 0x0,
    0x0, 0xc, 0xfe, 0x4f, 0xf6, 0x0, 0x0, 0x0,
    0xc, 0xfe, 0x3f, 0xf7, 0x0, 0x0, 0x0, 0xd,
    0xfd, 0x1f, 0xfb, 0x0, 0x0, 0x0, 0x2f, 0xfb,
    0xb, 0xff, 0x70, 0x0, 0x1, 0xcf, 0xf5, 0x3,
    0xff, 0xfc, 0x76, 0x9e, 0xff, 0xb0, 0x0, 0x4e,
    0xff, 0xff, 0xff, 0xfb, 0x10, 0x0, 0x1, 0x7c,
    0xef, 0xea, 0x50, 0x0,

    /* U+004B "K" */
    0xaf, 0xf0, 0x0, 0x0, 0x0, 0x3f, 0xfd, 0xb,
    0xff, 0x0, 0x0, 0x0, 0x1e, 0xff, 0x20, 0xbf,
    0xf0, 0x0, 0x0, 0xd, 0xff, 0x40, 0xb, 0xff,
    0x0, 0x0, 0xb, 0xff, 0x70, 0x0, 0xbf, 0xf0,
    0x0, 0x9, 0xff, 0x90, 0x0, 0xb, 0xff, 0x0,
    0x7, 0xff, 0xc0, 0x0, 0x0, 0xbf, 0xf0, 0x5,
    0xff, 0xe1, 0x0, 0x0, 0xb, 0xff, 0x3, 0xff,
    0xf2, 0x0, 0x0, 0x0, 0xbf, 0xf2, 0xef, 0xf8,
    0x0, 0x0, 0x0, 0xb, 0xff, 0xdf, 0xff, 0xe1,
    0x0, 0x0, 0x0, 0xbf, 0xff, 0xfb, 0xff, 0xa0,
    0x0, 0x0, 0xb, 0xff, 0xf7, 0xc, 0xff, 0x40,
    0x0, 0x0, 0xbf, 0xf9, 0x0, 0x2f, 0xfe, 0x0,
    0x0, 0xb, 0xff, 0x0, 0x0, 0x7f, 0xf9, 0x0,
    0x0, 0xbf, 0xf0, 0x0, 0x0, 0xdf, 0xf3, 0x0,
    0xb, 0xff, 0x0, 0x0, 0x3, 0xff, 0xd0, 0x0,
    0xbf, 0xf0, 0x0, 0x0, 0x8, 0xff, 0x80, 0xb,
    0xff, 0x0, 0x0, 0x0, 0xd, 0xff, 0x20, 0xbf,
    0xf0, 0x0, 0x0, 0x0, 0x4f, 0xfc, 0xa, 0xff,
    0x0, 0x0, 0x0, 0x0, 0x9f, 0xf6,

    /* U+004C "L" */
    0xaf, 0xf0, 0x0, 0x0, 0x0, 0x0, 0x0, 0xbf,
    0xf0, 0x0, 0x0, 0x0, 0x0, 0x0, 0xbf, 0xf0,
    0x0, 0x0, 0x0, 0x0, 0x0, 0xbf, 0xf0, 0x0,
    0x0, 0x0, 0x0, 0x0, 0xbf, 0xf0, 0x0, 0x0,
    0x0, 0x0, 0x0, 0xbf, 0xf0, 0x0, 0x0, 0x0,
    0x0, 0x0, 0xbf, 0xf0, 0x0, 0x0, 0x0, 0x0,
    0x0, 0xbf, 0xf0, 0x0, 0x0, 0x0, 0x0, 0x0,
    0xbf, 0xf0, 0x0, 0x0, 0x0, 0x0, 0x0, 0xbf,
    0xf0, 0x0, 0x0, 0x0, 0x0, 0x0, 0xbf, 0xf0,
    0x0, 0x0, 0x0, 0x0, 0x0, 0xbf, 0xf0, 0x0,
    0x0, 0x0, 0x0, 0x0, 0xbf, 0xf0, 0x0, 0x0,
    0x0, 0x0, 0x0, 0xbf, 0xf0, 0x0, 0x0, 0x0,
    0x0, 0x0, 0xbf, 0xf0, 0x0, 0x0, 0x0, 0x0,
    0x0, 0xbf, 0xf0, 0x0, 0x0, 0x0, 0x0, 0x0,
    0xbf, 0xf0, 0x0, 0x0, 0x0, 0x0, 0x0, 0xbf,
    0xf7, 0x77, 0x77, 0x77, 0x77, 0x70, 0xbf, 0xff,
    0xff, 0xff, 0xff, 0xff, 0xf0, 0xaf, 0xff, 0xff,
    0xff, 0xff, 0xff, 0xf0,

    /* U+004D "M" */
    0xaf, 0xf4, 0x0, 0x0, 0x0, 0x0, 0x3f, 0xfb,
    0xbf, 0xfd, 0x0, 0x0, 0x0, 0x0, 0xdf, 0xfb,
    0xbf, 0xff, 0x90, 0x0, 0x0, 0x8, 0xff, 0xfb,
    0xbf, 0xff, 0xf3, 0x0, 0x0, 0x3f, 0xff, 0xfb,
    0xbf, 0xff, 0xfd, 0x0, 0x0, 0xdf, 0xff, 0xfb,
    0xbf, 0xf9, 0xff, 0x80, 0x7, 0xff, 0x9f, 0xfb,
    0xbf, 0xf0, 0xef, 0xf3, 0x2f, 0xfe, 0xf, 0xfb,
    0xbf, 0xf0, 0x4f, 0xfd, 0xcf, 0xf5, 0xf, 0xfb,
    0xbf, 0xf0, 0xa, 0xff, 0xff, 0xa0, 0xf, 0xfb,
    0xbf, 0xf0, 0x1, 0xef, 0xfe, 0x10, 0xf, 0xfb,
    0xbf, 0xf0, 0x0, 0x5f, 0xf6, 0x0, 0xf, 0xfb,
    0xbf, 0xf0, 0x0, 0x5, 0x60, 0x0, 0xf, 0xfb,
    0xbf, 0xf0, 0x0, 0x0, 0x0, 0x0, 0xf, 0xfb,
    0xbf, 0xf0, 0x0, 0x0, 0x0, 0x0, 0xf, 0xfb,
    0xbf, 0xf0, 0x0, 0x0, 0x0, 0x0, 0xf, 0xfb,
    0xbf, 0xf0, 0x0, 0x0, 0x0, 0x0, 0xf, 0xfb,
    0xbf, 0xf0, 0x0, 0x0, 0x0, 0x0, 0xf, 0xfb,
    0xbf, 0xf0, 0x0, 0x0, 0x0, 0x0, 0xf, 0xfb,
    0xbf, 0xf0, 0x0, 0x0, 0x0, 0x0, 0xf, 0xfb,
    0xaf, 0xf0, 0x0, 0x0, 0x0, 0x0, 0xf, 0xfb,

    /* U+004E "N" */
    0xaf, 0xf2, 0x0, 0x0, 0x0, 0x2, 0xff, 0x7b,
    0xff, 0xc0, 0x0, 0x0, 0x0, 0x2f, 0xf8, 0xbf,
    0xff, 0x50, 0x0, 0x0, 0x2, 0xff, 0x8b, 0xff,
    0xfe, 0x0, 0x0, 0x0, 0x2f, 0xf8, 0xbf, 0xff,
    0xf8, 0x0, 0x0, 0x2, 0xff, 0x8b, 0xff, 0xbf,
    0xf2, 0x0, 0x0, 0x2f, 0xf8, 0xbf, 0xf2, 0xff,
    0xc0, 0x0, 0x2, 0xff, 0x8b, 0xff, 0x8, 0xff,
    0x50, 0x0, 0x2f, 0xf8, 0xbf, 0xf0, 0xe, 0xfe,
    0x0, 0x2, 0xff, 0x8b, 0xff, 0x0, 0x5f, 0xf8,
    0x0, 0x2f, 0xf8, 0xbf, 0xf0, 0x0, 0xbf, 0xf2,
    0x2, 0xff, 0x8b, 0xff, 0x0, 0x2, 0xff, 0xb0,
    0x2f, 0xf8, 0xbf, 0xf0, 0x0, 0x8, 0xff, 0x52,
    0xff, 0x8b, 0xff, 0x0, 0x0, 0xe, 0xfe, 0x3f,
    0xf8, 0xbf, 0xf0, 0x0, 0x0, 0x5f, 0xfb, 0xff,
    0x8b, 0xff, 0x0, 0x0, 0x0, 0xbf, 0xff, 0xf8,
    0xbf, 0xf0, 0x0, 0x0, 0x2, 0xff, 0xff, 0x8b,
    0xff, 0x0, 0x0, 0x0, 0x8, 0xff, 0xf8, 0xbf,
    0xf0, 0x0, 0x0, 0x0, 0xe, 0xff, 0x8a, 0xff,
    0x0, 0x0, 0x0, 0x0, 0x4f, 0xf7,

    /* U+004F "O" */
    0x0, 0x0, 0x5a, 0xdf, 0xec, 0x71, 0x0, 0x0,
    0x1, 0xbf, 0xff, 0xff, 0xff, 0xe4, 0x0, 0x0,
    0xcf, 0xfe, 0x86, 0x7c, 0xff, 0xf3, 0x0, 0x7f,
    0xfb, 0x0, 0x0, 0x6, 0xff, 0xd0, 0xe, 0xfe,
    0x0, 0x0, 0x0, 0x9, 0xff, 0x41, 0xff, 0x90,
    0x0, 0x0, 0x0, 0x3f, 0xf7, 0x3f, 0xf7, 0x0,
    0x0, 0x0, 0x1, 0xff, 0x93, 0xff, 0x70, 0x0,
    0x0, 0x0, 0x1f, 0xfa, 0x3f, 0xf7, 0x0, 0x0,
    0x0, 0x1, 0xff, 0xa3, 0xff, 0x70, 0x0, 0x0,
    0x0, 0x1f, 0xfa, 0x3f, 0xf7, 0x0, 0x0, 0x0,
    0x1, 0xff, 0xa3, 0xff, 0x70, 0x0, 0x0, 0x0,
    0x1f, 0xfa, 0x3f, 0xf7, 0x0, 0x0, 0x0, 0x1,
    0xff, 0xa3, 0xff, 0x70, 0x0, 0x0, 0x0, 0x1f,
    0xf9, 0x1f, 0xf9, 0x0, 0x0, 0x0, 0x3, 0xff,
    0x70, 0xef, 0xe0, 0x0, 0x0, 0x0, 0x9f, 0xf4,
    0x7, 0xff, 0xb0, 0x0, 0x0, 0x6f, 0xfd, 0x0,
    0xc, 0xff, 0xe8, 0x67, 0xcf, 0xff, 0x30, 0x0,
    0x1b, 0xff, 0xff, 0xff, 0xfe, 0x40, 0x0, 0x0,
    0x5, 0xad, 0xfe, 0xc7, 0x10, 0x0,

    /* U+0050 "P" */
    0xdf, 0xff, 0xff, 0xff, 0xfc, 0x70, 0x0, 0xef,
    0xff, 0xff, 0xff, 0xff, 0xfd, 0x20, 0xef, 0xe6,
    0x66, 0x66, 0x8e, 0xff, 0xc0, 0xef, 0xd0, 0x0,
    0x0, 0x0, 0xcf, 0xf4, 0xef, 0xd0, 0x0, 0x0,
    0x0, 0x3f, 0xf9, 0xef, 0xd0, 0x0, 0x0, 0x0,
    0xf, 0xfa, 0xef, 0xd0, 0x0, 0x0, 0x0, 0x1f,
    0xf9, 0xef, 0xd0, 0x0, 0x0, 0x0, 0x8f, 0xf6,
    0xef, 0xd0, 0x0, 0x0, 0x28, 0xff, 0xe1, 0xef,
    0xff, 0xff, 0xff, 0xff, 0xff, 0x40, 0xef, 0xff,
    0xff, 0xff, 0xff, 0xc3, 0x0, 0xef, 0xe5, 0x55,
    0x54, 0x31, 0x0, 0x0, 0xef, 0xd0, 0x0, 0x0,
    0x0, 0x0, 0x0, 0xef, 0xd0, 0x0, 0x0, 0x0,
    0x0, 0x0, 0xef, 0xd0, 0x0, 0x0, 0x0, 0x0,
    0x0, 0xef, 0xd0, 0x0, 0x0, 0x0, 0x0, 0x0,
    0xef, 0xd0, 0x0, 0x0, 0x0, 0x0, 0x0, 0xef,
    0xd0, 0x0, 0x0, 0x0, 0x0, 0x0, 0xef, 0xd0,
    0x0, 0x0, 0x0, 0x0, 0x0, 0xdf, 0xc0, 0x0,
    0x0, 0x0, 0x0, 0x0,

    /* U+0051 "Q" */
    0x0, 0x1, 0x7c, 0xef, 0xd9, 0x20, 0x0, 0x0,
    0x4e, 0xff, 0xff, 0xff, 0xf7, 0x0, 0x2, 0xff,
    0xfc, 0x77, 0xaf, 0xff, 0x60, 0xc, 0xff, 0x60,
    0x0, 0x2, 0xef, 0xf1, 0x2f, 0xfa, 0x0, 0x0,
    0x0, 0x5f, 0xf7, 0x6f, 0xf4, 0x0, 0x0, 0x0,
    0xf, 0xfb, 0x8f, 0xf2, 0x0, 0x0, 0x0, 0xd,
    0xfc, 0x8f, 0xf2, 0x0, 0x0, 0x0, 0xd, 0xfd,
    0x8f, 0xf2, 0x0, 0x0, 0x0, 0xd, 0xfd, 0x8f,
    0xf2, 0x0, 0x0, 0x0, 0xd, 0xfd, 0x8f, 0xf2,
    0x0, 0x0, 0x0, 0xd, 0xfd, 0x8f, 0xf2, 0x0,
    0x0, 0x0, 0xd, 0xfd, 0x8f, 0xf2, 0x0, 0x0,
    0x0, 0xd, 0xfd, 0x8f, 0xf2, 0x0, 0x0, 0x0,
    0xd, 0xfd, 0x8f, 0xf2, 0x0, 0x0, 0x0, 0xd,
    0xfd, 0x7f, 0xf4, 0x0, 0x0, 0x0, 0xf, 0xfb,
    0x4f, 0xf9, 0x0, 0x0, 0x0, 0x5f, 0xf8, 0xd,
    0xff, 0x50, 0x0, 0x2, 0xef, 0xf2, 0x4, 0xff,
    0xfb, 0x66, 0x9f, 0xff, 0x90, 0x0, 0x6f, 0xff,
    0xff, 0xff, 0xfa, 0x0, 0x0, 0x2, 0x9e, 0xff,
    0xfb, 0x40, 0x0, 0x0, 0x0, 0x3, 0xff, 0x70,
    0x0, 0x0, 0x0, 0x0, 0x3, 0xff, 0x70, 0x0,
    0x0, 0x0, 0x0, 0x2, 0xff, 0x70, 0x0, 0x0,

    /* U+0052 "R" */
    0xaf, 0xff, 0xff, 0xff, 0xfd, 0x81, 0x0, 0xbf,
    0xff, 0xff, 0xff, 0xff, 0xfe, 0x20, 0xbf, 0xf6,
    0x66, 0x66, 0x8d, 0xff, 0xd0, 0xbf, 0xf0, 0x0,
    0x0, 0x0, 0xbf, 0xf5, 0xbf, 0xf0, 0x0, 0x0,
    0x0, 0x2f, 0xf9, 0xbf, 0xf0, 0x0, 0x0, 0x0,
    0xf, 0xfb, 0xbf, 0xf0, 0x0, 0x0, 0x0, 0x2f,
    0xfa, 0xbf, 0xf0, 0x0, 0x0, 0x0, 0xaf, 0xf6,
    0xbf, 0xf5, 0x55, 0x55, 0x7c, 0xff, 0xe0, 0xbf,
    0xff, 0xff, 0xff, 0xff, 0xfe, 0x20, 0xbf, 0xff,
    0xff, 0xff, 0xff, 0x60, 0x0, 0xbf, 0xf0, 0x0,
    0x8, 0xff, 0x20, 0x0, 0xbf, 0xf0, 0x0, 0x1,
    0xff, 0x90, 0x0, 0xbf, 0xf0, 0x0, 0x0, 0xaf,
    0xf1, 0x0, 0xbf, 0xf0, 0x0, 0x0, 0x3f, 0xf7,
    0x0, 0xbf, 0xf0, 0x0, 0x0, 0xc, 0xfe, 0x0,
    0xbf, 0xf0, 0x0, 0x0, 0x5, 0xff, 0x60, 0xbf,
    0xf0, 0x0, 0x0, 0x0, 0xdf, 0xd0, 0xbf, 0xf0,
    0x0, 0x0, 0x0, 0x6f, 0xf5, 0xaf, 0xf0, 0x0,
    0x0, 0x0, 0xe, 0xfc,

    /* U+0053 "S" */
    0x0, 0x4, 0xae, 0xff, 0xda, 0x50, 0x0, 0x0,
    0xb, 0xff, 0xff, 0xff, 0xff, 0xc1, 0x0, 0x9,
    0xff, 0xf9, 0x77, 0xaf, 0xff, 0xd0, 0x1, 0xff,
    0xd1, 0x0, 0x0, 0x1b, 0xff, 0x70, 0x4f, 0xf6,
    0x0, 0x0, 0x0, 0xf, 0xfc, 0x4, 0xff, 0x50,
    0x0, 0x0, 0x0, 0xbf, 0xe0, 0x2f, 0xfb, 0x0,
    0x0, 0x0, 0x4, 0x76, 0x0, 0xaf, 0xfb, 0x20,
    0x0, 0x0, 0x0, 0x0, 0x0, 0xcf, 0xff, 0xb5,
    0x0, 0x0, 0x0, 0x0, 0x0, 0x7e, 0xff, 0xfe,
    0x81, 0x0, 0x0, 0x0, 0x0, 0x5, 0xcf, 0xff,
    0xf8, 0x0, 0x0, 0x0, 0x0, 0x0, 0x39, 0xff,
    0xfc, 0x0, 0x0, 0x0, 0x0, 0x0, 0x2, 0xcf,
    0xf8, 0x6, 0x98, 0x0, 0x0, 0x0, 0x0, 0xef,
    0xf0, 0xaf, 0xf0, 0x0, 0x0, 0x0, 0x9, 0xff,
    0x18, 0xff, 0x30, 0x0, 0x0, 0x0, 0xbf, 0xf0,
    0x4f, 0xfd, 0x20, 0x0, 0x0, 0x5f, 0xfc, 0x0,
    0xbf, 0xff, 0xb8, 0x68, 0xbf, 0xff, 0x40, 0x0,
    0xaf, 0xff, 0xff, 0xff, 0xff, 0x60, 0x0, 0x0,
    0x39, 0xde, 0xfe, 0xc8, 0x10, 0x0,

    /* U+0054 "T" */
    0xef, 0xff, 0xff, 0xff, 0xff, 0xff, 0xff, 0xf,
    0xff, 0xff, 0xff, 0xff, 0xff, 0xff, 0xf0, 0x67,
    0x77, 0x7a, 0xff, 0x97, 0x77, 0x76, 0x0, 0x0,
    0x0, 0x6f, 0xf4, 0x0, 0x0, 0x0, 0x0, 0x0,
    0x6, 0xff, 0x40, 0x0, 0x0, 0x0, 0x0, 0x0,
    0x6f, 0xf4, 0x0, 0x0, 0x0, 0x0, 0x0, 0x6,
    0xff, 0x40, 0x0, 0x0, 0x0, 0x0, 0x0, 0x6f,
    0xf4, 0x0, 0x0, 0x0, 0x0, 0x0, 0x6, 0xff,
    0x40, 0x0, 0x0, 0x0, 0x0, 0x0, 0x6f, 0xf4,
    0x0, 0x0, 0x0, 0x0, 0x0, 0x6, 0xff, 0x40,
    0x0, 0x0, 0x0, 0x0, 0x0, 0x6f, 0xf4, 0x0,
    0x0, 0x0, 0x0, 0x0, 0x6, 0xff, 0x40, 0x0,
    0x0, 0x0, 0x0, 0x0, 0x6f, 0xf4, 0x0, 0x0,
    0x0, 0x0, 0x0, 0x6, 0xff, 0x40, 0x0, 0x0,
    0x0, 0x0, 0x0, 0x6f, 0xf4, 0x0, 0x0, 0x0,
    0x0, 0x0, 0x6, 0xff, 0x40, 0x0, 0x0, 0x0,
    0x0, 0x0, 0x6f, 0xf4, 0x0, 0x0, 0x0, 0x0,
    0x0, 0x6, 0xff, 0x40, 0x0, 0x0, 0x0, 0x0,
    0x0, 0x6f, 0xf3, 0x0, 0x0, 0x0,

    /* U+0055 "U" */
    0xef, 0xc0, 0x0, 0x0, 0x0, 0xd, 0xfd, 0xef,
    0xc0, 0x0, 0x0, 0x0, 0xd, 0xfd, 0xef, 0xc0,
    0x0, 0x0, 0x0, 0xd, 0xfd, 0xef, 0xc0, 0x0,
    0x0, 0x0, 0xd, 0xfd, 0xef, 0xc0, 0x0, 0x0,
    0x0, 0xd, 0xfd, 0xef, 0xc0, 0x0, 0x0, 0x0,
    0xd, 0xfd, 0xef, 0xc0, 0x0, 0x0, 0x0, 0xd,
    0xfd, 0xef, 0xc0, 0x0, 0x0, 0x0, 0xd, 0xfd,
    0xef, 0xc0, 0x0, 0x0, 0x0, 0xd, 0xfd, 0xef,
    0xc0, 0x0, 0x0, 0x0, 0xd, 0xfd, 0xef, 0xc0,
    0x0, 0x0, 0x0, 0xd, 0xfd, 0xef, 0xc0, 0x0,
    0x0, 0x0, 0xd, 0xfd, 0xef, 0xc0, 0x0, 0x0,
    0x0, 0xd, 0xfd, 0xef, 0xc0, 0x0, 0x0, 0x0,
    0xd, 0xfd, 0xcf, 0xe0, 0x0, 0x0, 0x0, 0xf,
    0xfb, 0x9f, 0xf4, 0x0, 0x0, 0x0, 0x5f, 0xf8,
    0x3f, 0xfe, 0x20, 0x0, 0x2, 0xef, 0xf2, 0x9,
    0xff, 0xfa, 0x77, 0xaf, 0xff, 0x80, 0x0, 0x9f,
    0xff, 0xff, 0xff, 0xf8, 0x0, 0x0, 0x3, 0x9d,
    0xff, 0xd9, 0x30, 0x0,

    /* U+0056 "V" */
    0xf, 0xfc, 0x0, 0x0, 0x0, 0x0, 0xe, 0xfd,
    0xb, 0xff, 0x10, 0x0, 0x0, 0x0, 0x3f, 0xf8,
    0x6, 0xff, 0x60, 0x0, 0x0, 0x0, 0x8f, 0xf3,
    0x1, 0xff, 0xb0, 0x0, 0x0, 0x0, 0xcf, 0xe0,
    0x0, 0xcf, 0xf0, 0x0, 0x0, 0x1, 0xff, 0x90,
    0x0, 0x7f, 0xf4, 0x0, 0x0, 0x6, 0xff, 0x40,
    0x0, 0x2f, 0xf9, 0x0, 0x0, 0xa, 0xff, 0x0,
    0x0, 0xd, 0xfe, 0x0, 0x0, 0xf, 0xfa, 0x0,
    0x0, 0x8, 0xff, 0x20, 0x0, 0x4f, 0xf5, 0x0,
    0x0, 0x3, 0xff, 0x70, 0x0, 0x8f, 0xf1, 0x0,
    0x0, 0x0, 0xef, 0xc0, 0x0, 0xdf, 0xb0, 0x0,
    0x0, 0x0, 0xaf, 0xf1, 0x2, 0xff, 0x60, 0x0,
    0x0, 0x0, 0x5f, 0xf5, 0x6, 0xff, 0x10, 0x0,
    0x0, 0x0, 0xf, 0xfa, 0xb, 0xfc, 0x0, 0x0,
    0x0, 0x0, 0xb, 0xfe, 0xf, 0xf7, 0x0, 0x0,
    0x0, 0x0, 0x6, 0xff, 0x8f, 0xf2, 0x0, 0x0,
    0x0, 0x0, 0x1, 0xff, 0xff, 0xd0, 0x0, 0x0,
    0x0, 0x0, 0x0, 0xcf, 0xff, 0x90, 0x0, 0x0,
    0x0, 0x0, 0x0, 0x7f, 0xff, 0x40, 0x0, 0x0,
    0x0, 0x0, 0x0, 0x2f, 0xfe, 0x0, 0x0, 0x0,

    /* U+0057 "W" */
    0x3f, 0xf9, 0x0, 0x0, 0x0, 0x3f, 0xfb, 0x0,
    0x0, 0x0, 0xe, 0xfb, 0xe, 0xfe, 0x0, 0x0,
    0x0, 0x7f, 0xff, 0x0, 0x0, 0x0, 0x2f, 0xf8,
    0xa, 0xff, 0x20, 0x0, 0x0, 0xbf, 0xff, 0x30,
    0x0, 0x0, 0x7f, 0xf4, 0x6, 0xff, 0x60, 0x0,
    0x0, 0xff, 0xff, 0x70, 0x0, 0x0, 0xbf, 0xf0,
    0x2, 0xff, 0xa0, 0x0, 0x3, 0xff, 0xff, 0xb0,
    0x0, 0x0, 0xff, 0xb0, 0x0, 0xdf, 0xe0, 0x0,
    0x7, 0xff, 0xaf, 0xf0, 0x0, 0x3, 0xff, 0x70,
    0x0, 0x9f, 0xf2, 0x0, 0xb, 0xfd, 0x5f, 0xf4,
    0x0, 0x7, 0xff, 0x30, 0x0, 0x5f, 0xf6, 0x0,
    0xe, 0xf9, 0x1f, 0xf8, 0x0, 0xb, 0xff, 0x0,
    0x0, 0x1f, 0xfa, 0x0, 0x2f, 0xf5, 0xd, 0xfc,
    0x0, 0xf, 0xfb, 0x0, 0x0, 0xc, 0xfe, 0x0,
    0x6f, 0xf1, 0x9, 0xff, 0x0, 0x4f, 0xf6, 0x0,
    0x0, 0x8, 0xff, 0x30, 0xaf, 0xe0, 0x5, 0xff,
    0x40, 0x8f, 0xf2, 0x0, 0x0, 0x3, 0xff, 0x70,
    0xef, 0xa0, 0x1, 0xff, 0x80, 0xcf, 0xe0, 0x0,
    0x0, 0x0, 0xff, 0xb2, 0xff, 0x60, 0x0, 0xdf,
    0xc0, 0xff, 0xa0, 0x0, 0x0, 0x0, 0xbf, 0xf6,
    0xff, 0x20, 0x0, 0x9f, 0xf5, 0xff, 0x60, 0x0,
    0x0, 0x0, 0x7f, 0xfd, 0xfe, 0x0, 0x0, 0x5f,
    0xfd, 0xff, 0x20, 0x0, 0x0, 0x0, 0x2f, 0xff,
    0xfa, 0x0, 0x0, 0x1f, 0xff, 0xfd, 0x0, 0x0,
    0x0, 0x0, 0xe, 0xff, 0xf6, 0x0, 0x0, 0xd,
    0xff, 0xf9, 0x0, 0x0, 0x0, 0x0, 0xa, 0xff,
    0xf3, 0x0, 0x0, 0x9, 0xff, 0xf5, 0x0, 0x0,
    0x0, 0x0, 0x5, 0xff, 0xf0, 0x0, 0x0, 0x5,
    0xff, 0xf1, 0x0, 0x0, 0x0, 0x0, 0x1, 0xff,
    0xb0, 0x0, 0x0, 0x1, 0xff, 0xc0, 0x0, 0x0,

    /* U+0058 "X" */
    0xd, 0xfe, 0x10, 0x0, 0x0, 0x0, 0x2f, 0xfb,
    0x4, 0xff, 0xa0, 0x0, 0x0, 0x0, 0xbf, 0xf3,
    0x0, 0xbf, 0xf3, 0x0, 0x0, 0x5, 0xff, 0x90,
    0x0, 0x1f, 0xfd, 0x0, 0x0, 0xe, 0xfe, 0x10,
    0x0, 0x7, 0xff, 0x60, 0x0, 0x8f, 0xf6, 0x0,
    0x0, 0x0, 0xdf, 0xe1, 0x2, 0xff, 0xc0, 0x0,
    0x0, 0x0, 0x4f, 0xf9, 0xb, 0xff, 0x30, 0x0,
    0x0, 0x0, 0xa, 0xff, 0x8f, 0xf9, 0x0, 0x0,
    0x0, 0x0, 0x1, 0xff, 0xff, 0xe1, 0x0, 0x0,
    0x0, 0x0, 0x0, 0x7f, 0xff, 0x60, 0x0, 0x0,
    0x0, 0x0, 0x0, 0x7f, 0xff, 0x60, 0x0, 0x0,
    0x0, 0x0, 0x1, 0xff, 0xff, 0xe0, 0x0, 0x0,
    0x0, 0x0, 0xa, 0xff, 0x8f, 0xf9, 0x0, 0x0,
    0x0, 0x0, 0x4f, 0xfa, 0xb, 0xff, 0x30, 0x0,
    0x0, 0x0, 0xdf, 0xf1, 0x2, 0xff, 0xc0, 0x0,
    0x0, 0x7, 0xff, 0x60, 0x0, 0x8f, 0xf6, 0x0,
    0x0, 0x1f, 0xfd, 0x0, 0x0, 0xe, 0xfe, 0x10,
    0x0, 0xbf, 0xf3, 0x0, 0x0, 0x5, 0xff, 0x90,
    0x4, 0xff, 0xa0, 0x0, 0x0, 0x0, 0xbf, 0xf3,
    0xd, 0xfe, 0x10, 0x0, 0x0, 0x0, 0x2f, 0xfb,

    /* U+0059 "Y" */
    0xe, 0xfe, 0x0, 0x0, 0x0, 0x0, 0x9f, 0xf4,
    0x6, 0xff, 0x70, 0x0, 0x0, 0x2, 0xff, 0xc0,
    0x0, 0xdf, 0xe0, 0x0, 0x0, 0xa, 0xff, 0x40,
    0x0, 0x6f, 0xf7, 0x0, 0x0, 0x2f, 0xfc, 0x0,
    0x0, 0xd, 0xff, 0x10, 0x0, 0xaf, 0xf3, 0x0,
    0x0, 0x5, 0xff, 0x80, 0x2, 0xff, 0xb0, 0x0,
    0x0, 0x0, 0xcf, 0xf1, 0xa, 0xff, 0x20, 0x0,
    0x0, 0x0, 0x4f, 0xf8, 0x3f, 0xfa, 0x0, 0x0,
    0x0, 0x0, 0xc, 0xff, 0xcf, 0xf2, 0x0, 0x0,
    0x0, 0x0, 0x4, 0xff, 0xff, 0x90, 0x0, 0x0,
    0x0, 0x0, 0x0, 0xbf, 0xff, 0x10, 0x0, 0x0,
    0x0, 0x0, 0x0, 0x4f, 0xf9, 0x0, 0x0, 0x0,
    0x0, 0x0, 0x0, 0x2f, 0xf8, 0x0, 0x0, 0x0,
    0x0, 0x0, 0x0, 0x2f, 0xf8, 0x0, 0x0, 0x0,
    0x0, 0x0, 0x0, 0x2f, 0xf8, 0x0, 0x0, 0x0,
    0x0, 0x0, 0x0, 0x2f, 0xf8, 0x0, 0x0, 0x0,
    0x0, 0x0, 0x0, 0x2f, 0xf8, 0x0, 0x0, 0x0,
    0x0, 0x0, 0x0, 0x2f, 0xf8, 0x0, 0x0, 0x0,
    0x0, 0x0, 0x0, 0x2f, 0xf8, 0x0, 0x0, 0x0,
    0x0, 0x0, 0x0, 0x2f, 0xf7, 0x0, 0x0, 0x0,

    /* U+005A "Z" */
    0xdf, 0xff, 0xff, 0xff, 0xff, 0xff, 0xf1, 0xdf,
    0xff, 0xff, 0xff, 0xff, 0xff, 0xf2, 0x67, 0x77,
    0x77, 0x77, 0x78, 0xff, 0xf1, 0x0, 0x0, 0x0,
    0x0, 0x9, 0xff, 0x70, 0x0, 0x0, 0x0, 0x0,
    0x4f, 0xfc, 0x0, 0x0, 0x0, 0x0, 0x0, 0xef,
    0xf2, 0x0, 0x0, 0x0, 0x0, 0x9, 0xff, 0x70,
    0x0, 0x0, 0x0, 0x0, 0x4f, 0xfd, 0x0, 0x0,
    0x0, 0x0, 0x0, 0xdf, 0xf3, 0x0, 0x0, 0x0,
    0x0, 0x9, 0xff, 0x80, 0x0, 0x0, 0x0, 0x0,
    0x3f, 0xfd, 0x0, 0x0, 0x0, 0x0, 0x0, 0xdf,
    0xf3, 0x0, 0x0, 0x0, 0x0, 0x9, 0xff, 0x80,
    0x0, 0x0, 0x0, 0x0, 0x3f, 0xfd, 0x0, 0x0,
    0x0, 0x0, 0x0, 0xdf, 0xf3, 0x0, 0x0, 0x0,
    0x0, 0x8, 0xff, 0x80, 0x0, 0x0, 0x0, 0x0,
    0x3f, 0xfd, 0x0, 0x0, 0x0, 0x0, 0x0, 0xcf,
    0xfa, 0x77, 0x77, 0x77, 0x77, 0x70, 0xdf, 0xff,
    0xff, 0xff, 0xff, 0xff, 0xf2, 0xdf, 0xff, 0xff,
    0xff, 0xff, 0xff, 0xf1,

    /* U+005B "[" */
    0x7, 0x77, 0x77, 0x72, 0x1f, 0xff, 0xff, 0xf5,
    0x1f, 0xff, 0xff, 0xf5, 0x1f, 0xf9, 0x0, 0x0,
    0x1f, 0xf9, 0x0, 0x0, 0x1f, 0xf9, 0x0, 0x0,
    0x1f, 0xf9, 0x0, 0x0, 0x1f, 0xf9, 0x0, 0x0,
    0x1f, 0xf9, 0x0, 0x0, 0x1f, 0xf9, 0x0, 0x0,
    0x1f, 0xf9, 0x0, 0x0, 0x1f, 0xf9, 0x0, 0x0,
    0x1f, 0xf9, 0x0, 0x0, 0x1f, 0xf9, 0x0, 0x0,
    0x1f, 0xf9, 0x0, 0x0, 0x1f, 0xf9, 0x0, 0x0,
    0x1f, 0xf9, 0x0, 0x0, 0x1f, 0xf9, 0x0, 0x0,
    0x1f, 0xf9, 0x0, 0x0, 0x1f, 0xf9, 0x0, 0x0,
    0x1f, 0xf9, 0x0, 0x0, 0x1f, 0xf9, 0x0, 0x0,
    0x1f, 0xf9, 0x0, 0x0, 0x1f, 0xf9, 0x0, 0x0,
    0x1f, 0xfc, 0x77, 0x72, 0x1f, 0xff, 0xff, 0xf6,
    0x1f, 0xff, 0xff, 0xf5,

    /* U+005C "\\" */
    0xf, 0xf9, 0x0, 0x0, 0x0, 0x0, 0xbf, 0xe0,
    0x0, 0x0, 0x0, 0x6, 0xff, 0x40, 0x0, 0x0,
    0x0, 0x1f, 0xfa, 0x0, 0x0, 0x0, 0x0, 0xbf,
    0xf0, 0x0, 0x0, 0x0, 0x5, 0xff, 0x50, 0x0,
    0x0, 0x0, 0xf, 0xfa, 0x0, 0x0, 0x0, 0x0,
    0xbf, 0xf0, 0x0, 0x0, 0x0, 0x5, 0xff, 0x50,
    0x0, 0x0, 0x0, 0xf, 0xfa, 0x0, 0x0, 0x0,
    0x0, 0xaf, 0xf0, 0x0, 0x0, 0x0, 0x5, 0xff,
    0x50, 0x0, 0x0, 0x0, 0xf, 0xfa, 0x0, 0x0,
    0x0, 0x0, 0xaf, 0xf0, 0x0, 0x0, 0x0, 0x5,
    0xff, 0x50, 0x0, 0x0, 0x0, 0xf, 0xfb, 0x0,
    0x0, 0x0, 0x0, 0xaf, 0xf0, 0x0, 0x0, 0x0,
    0x5, 0xff, 0x50, 0x0, 0x0, 0x0, 0xf, 0xfb,
    0x0, 0x0, 0x0, 0x0, 0x9f, 0xf0,

    /* U+005D "]" */
    0x28, 0x88, 0x88, 0x70, 0x6f, 0xff, 0xff, 0xf1,
    0x5f, 0xff, 0xff, 0xf1, 0x0, 0x0, 0x9f, 0xf1,
    0x0, 0x0, 0x9f, 0xf1, 0x0, 0x0, 0x9f, 0xf1,
    0x0, 0x0, 0x9f, 0xf1, 0x0, 0x0, 0x9f, 0xf1,
    0x0, 0x0, 0x9f, 0xf1, 0x0, 0x0, 0x9f, 0xf1,
    0x0, 0x0, 0x9f, 0xf1, 0x0, 0x0, 0x9f, 0xf1,
    0x0, 0x0, 0x9f, 0xf1, 0x0, 0x0, 0x9f, 0xf1,
    0x0, 0x0, 0x9f, 0xf1, 0x0, 0x0, 0x9f, 0xf1,
    0x0, 0x0, 0x9f, 0xf1, 0x0, 0x0, 0x9f, 0xf1,
    0x0, 0x0, 0x9f, 0xf1, 0x0, 0x0, 0x9f, 0xf1,
    0x0, 0x0, 0x9f, 0xf1, 0x0, 0x0, 0x9f, 0xf1,
    0x0, 0x0, 0x9f, 0xf1, 0x0, 0x0, 0x9f, 0xf1,
    0x26, 0x66, 0xcf, 0xf1, 0x6f, 0xff, 0xff, 0xf1,
    0x5f, 0xff, 0xff, 0xf1,

    /* U+005E "^" */
    0x0, 0x0, 0x68, 0x40, 0x0, 0x0, 0x0, 0x2f,
    0xfe, 0x0, 0x0, 0x0, 0x8, 0xff, 0xf4, 0x0,
    0x0, 0x0, 0xdf, 0xcf, 0xa0, 0x0, 0x0, 0x4f,
    0xe2, 0xff, 0x10, 0x0, 0x9, 0xf9, 0xc, 0xf6,
    0x0, 0x0, 0xff, 0x40, 0x6f, 0xc0, 0x0, 0x5f,
    0xe0, 0x1, 0xff, 0x20, 0xb, 0xf8, 0x0, 0xb,
    0xf8, 0x1, 0xff, 0x30, 0x0, 0x5f, 0xe0, 0x7f,
    0xd0, 0x0, 0x0, 0xff, 0x4d, 0xf7, 0x0, 0x0,
    0xa, 0xfa,

    /* U+005F "_" */
    0x2, 0x22, 0x22, 0x22, 0x22, 0x22, 0x20, 0x4f,
    0xff, 0xff, 0xff, 0xff, 0xff, 0xf3, 0x4f, 0xff,
    0xff, 0xff, 0xff, 0xff, 0xf3,

    /* U+0060 "`" */
    0x7, 0x82, 0x0, 0x9, 0xfc, 0x0, 0x0, 0xef,
    0x50, 0x0, 0x4f, 0xd0,

    /* U+0061 "a" */
    0x0, 0x18, 0xdf, 0xfd, 0x92, 0x0, 0x3, 0xef,
    0xff, 0xff, 0xff, 0x50, 0xe, 0xff, 0xc7, 0x7a,
    0xff, 0xf2, 0x5f, 0xfb, 0x0, 0x0, 0x6f, 0xf9,
    0x3, 0x52, 0x0, 0x0, 0xf, 0xfb, 0x0, 0x0,
    0x0, 0x0, 0xe, 0xfc, 0x0, 0x4a, 0xef, 0xff,
    0xff, 0xfc, 0x9, 0xff, 0xff, 0xff, 0xff, 0xfc,
    0x6f, 0xff, 0x95, 0x33, 0x3e, 0xfc, 0xcf, 0xf3,
    0x0, 0x0, 0xe, 0xfc, 0xef, 0xd0, 0x0, 0x0,
    0xf, 0xfc, 0xdf, 0xe0, 0x0, 0x0, 0x7f, 0xfc,
    0x9f, 0xfb, 0x42, 0x4a, 0xff, 0xfc, 0x1e, 0xff,
    0xff, 0xff, 0xef, 0xfc, 0x1, 0x8d, 0xff, 0xc7,
    0x1d, 0xfc,

    /* U+0062 "b" */
    0xf, 0xfa, 0x0, 0x0, 0x0, 0x0, 0x0, 0xff,
    0xa0, 0x0, 0x0, 0x0, 0x0, 0xf, 0xfa, 0x0,
    0x0, 0x0, 0x0, 0x0, 0xff, 0xa0, 0x0, 0x0,
    0x0, 0x0, 0xf, 0xfa, 0x0, 0x0, 0x0, 0x0,
    0x0, 0xff, 0xa2, 0xae, 0xfd, 0x80, 0x0, 0xf,
    0xfd, 0xff, 0xff, 0xff, 0xd1, 0x0, 0xff, 0xff,
    0xc7, 0x8e, 0xff, 0xb0, 0xf, 0xff, 0xb0, 0x0,
    0x1d, 0xff, 0x30, 0xff, 0xf2, 0x0, 0x0, 0x6f,
    0xf9, 0xf, 0xfe, 0x0, 0x0, 0x0, 0xff, 0xc0,
    0xff, 0xb0, 0x0, 0x0, 0xe, 0xfd, 0xf, 0xfb,
    0x0, 0x0, 0x0, 0xdf, 0xe0, 0xff, 0xb0, 0x0,
    0x0, 0xe, 0xfd, 0xf, 0xfe, 0x0, 0x0, 0x0,
    0xff, 0xc0, 0xff, 0xf2, 0x0, 0x0, 0x5f, 0xf8,
    0xf, 0xff, 0xb0, 0x0, 0xc, 0xff, 0x30, 0xff,
    0xff, 0xc7, 0x7d, 0xff, 0xb0, 0xf, 0xfd, 0xff,
    0xff, 0xff, 0xd1, 0x0, 0xff, 0xa2, 0xae, 0xfd,
    0x80, 0x0,

    /* U+0063 "c" */
    0x0, 0x2, 0xae, 0xfe, 0xb5, 0x0, 0x0, 0x6,
    0xff, 0xff, 0xff, 0xfb, 0x10, 0x4, 0xff, 0xfa,
    0x78, 0xef, 0xfb, 0x0, 0xcf, 0xf3, 0x0, 0x0,
    0xcf, 0xf4, 0x2f, 0xfa, 0x0, 0x0, 0x3, 0xff,
    0x85, 0xff, 0x60, 0x0, 0x0, 0x5, 0x30, 0x6f,
    0xf4, 0x0, 0x0, 0x0, 0x0, 0x7, 0xff, 0x40,
    0x0, 0x0, 0x0, 0x0, 0x6f, 0xf4, 0x0, 0x0,
    0x0, 0x0, 0x5, 0xff, 0x60, 0x0, 0x0, 0x3,
    0x0, 0x2f, 0xfa, 0x0, 0x0, 0x4, 0xff, 0x60,
    0xcf, 0xf3, 0x0, 0x0, 0xcf, 0xf3, 0x4, 0xff,
    0xfa, 0x78, 0xef, 0xfb, 0x0, 0x6, 0xff, 0xff,
    0xff, 0xfc, 0x10, 0x0, 0x3, 0xae, 0xff, 0xb6,
    0x0, 0x0,

    /* U+0064 "d" */
    0x0, 0x0, 0x0, 0x0, 0x2, 0xff, 0x70, 0x0,
    0x0, 0x0, 0x0, 0x3f, 0xf8, 0x0, 0x0, 0x0,
    0x0, 0x3, 0xff, 0x80, 0x0, 0x0, 0x0, 0x0,
    0x3f, 0xf8, 0x0, 0x0, 0x0, 0x0, 0x3, 0xff,
    0x80, 0x0, 0x4b, 0xef, 0xd6, 0x3f, 0xf8, 0x0,
    0x7f, 0xff, 0xff, 0xfc, 0xff, 0x80, 0x4f, 0xff,
    0xa7, 0x9f, 0xff, 0xf8, 0xc, 0xff, 0x60, 0x0,
    0x3f, 0xff, 0x81, 0xff, 0xe0, 0x0, 0x0, 0xbf,
    0xf8, 0x4f, 0xf8, 0x0, 0x0, 0x6, 0xff, 0x86,
    0xff, 0x60, 0x0, 0x0, 0x4f, 0xf8, 0x6f, 0xf4,
    0x0, 0x0, 0x4, 0xff, 0x85, 0xff, 0x50, 0x0,
    0x0, 0x4f, 0xf8, 0x4f, 0xf7, 0x0, 0x0, 0x6,
    0xff, 0x80, 0xff, 0xb0, 0x0, 0x0, 0x9f, 0xf8,
    0xb, 0xff, 0x30, 0x0, 0x1f, 0xff, 0x80, 0x3f,
    0xfe, 0x63, 0x5d, 0xff, 0xf8, 0x0, 0x6f, 0xff,
    0xff, 0xfe, 0xff, 0x80, 0x0, 0x4b, 0xef, 0xd7,
    0x3f, 0xf7,

    /* U+0065 "e" */
    0x0, 0x3, 0xae, 0xfe, 0xc6, 0x0, 0x0, 0x8,
    0xff, 0xff, 0xff, 0xfc, 0x0, 0x5, 0xff, 0xf9,
    0x78, 0xef, 0xf9, 0x0, 0xdf, 0xe2, 0x0, 0x1,
    0xdf, 0xf0, 0x2f, 0xf8, 0x0, 0x0, 0x5, 0xff,
    0x55, 0xff, 0x40, 0x0, 0x0, 0x2f, 0xf7, 0x6f,
    0xff, 0xff, 0xff, 0xff, 0xff, 0x86, 0xff, 0xff,
    0xff, 0xff, 0xff, 0xf9, 0x5f, 0xf8, 0x55, 0x55,
    0x55, 0x55, 0x34, 0xff, 0x50, 0x0, 0x0, 0x0,
    0x0, 0xf, 0xfa, 0x0, 0x0, 0x0, 0x30, 0x0,
    0xbf, 0xf5, 0x0, 0x0, 0x6f, 0xa1, 0x2, 0xff,
    0xfb, 0x87, 0xbf, 0xfe, 0x10, 0x5, 0xff, 0xff,
    0xff, 0xfd, 0x30, 0x0, 0x2, 0x9d, 0xfe, 0xc7,
    0x0, 0x0,

    /* U+0066 "f" */
    0x0, 0x0, 0x4b, 0xef, 0xf2, 0x0, 0x3, 0xff,
    0xff, 0xf3, 0x0, 0xa, 0xff, 0xd8, 0x71, 0x0,
    0xc, 0xff, 0x10, 0x0, 0x0, 0xd, 0xfd, 0x0,
    0x0, 0x1f, 0xff, 0xff, 0xff, 0xf2, 0x2f, 0xff,
    0xff, 0xff, 0xf2, 0x9, 0x9f, 0xff, 0x99, 0x91,
    0x0, 0xd, 0xfd, 0x0, 0x0, 0x0, 0xd, 0xfd,
    0x0, 0x0, 0x0, 0xd, 0xfd, 0x0, 0x0, 0x0,
    0xd, 0xfd, 0x0, 0x0, 0x0, 0xd, 0xfd, 0x0,
    0x0, 0x0, 0xd, 0xfd, 0x0, 0x0, 0x0, 0xd,
    0xfd, 0x0, 0x0, 0x0, 0xd, 0xfd, 0x0, 0x0,
    0x0, 0xd, 0xfd, 0x0, 0x0, 0x0, 0xd, 0xfd,
    0x0, 0x0, 0x0, 0xd, 0xfd, 0x0, 0x0, 0x0,
    0xd, 0xfc, 0x0, 0x0,

    /* U+0067 "g" */
    0x0, 0x6, 0xcf, 0xfd, 0x74, 0xff, 0x60, 0xa,
    0xff, 0xff, 0xff, 0xef, 0xf6, 0x7, 0xff, 0xe6,
    0x35, 0xdf, 0xff, 0x60, 0xef, 0xf2, 0x0, 0x1,
    0xef, 0xf6, 0x4f, 0xf9, 0x0, 0x0, 0x8, 0xff,
    0x67, 0xff, 0x50, 0x0, 0x0, 0x5f, 0xf6, 0x8f,
    0xf3, 0x0, 0x0, 0x4, 0xff, 0x68, 0xff, 0x20,
    0x0, 0x0, 0x4f, 0xf6, 0x8f, 0xf3, 0x0, 0x0,
    0x4, 0xff, 0x67, 0xff, 0x40, 0x0, 0x0, 0x5f,
    0xf6, 0x4f, 0xf9, 0x0, 0x0, 0x8, 0xff, 0x60,
    0xff, 0xf2, 0x0, 0x1, 0xef, 0xf6, 0x8, 0xff,
    0xf8, 0x57, 0xef, 0xff, 0x60, 0xa, 0xff, 0xff,
    0xff, 0xdf, 0xf6, 0x0, 0x5, 0xbe, 0xfd, 0x64,
    0xff, 0x60, 0x0, 0x0, 0x0, 0x0, 0x6f, 0xf5,
    0x0, 0x0, 0x0, 0x0, 0xb, 0xff, 0x20, 0x0,
    0x0, 0x0, 0x7, 0xff, 0xd0, 0x0, 0x2, 0x99,
    0xae, 0xff, 0xf5, 0x0, 0x0, 0x4f, 0xff, 0xff,
    0xf6, 0x0, 0x0, 0x4, 0xff, 0xec, 0x81, 0x0,
    0x0,

    /* U+0068 "h" */
    0xf, 0xf9, 0x0, 0x0, 0x0, 0x0, 0x0, 0xff,
    0xa0, 0x0, 0x0, 0x0, 0x0, 0xf, 0xfa, 0x0,
    0x0, 0x0, 0x0, 0x0, 0xff, 0xa0, 0x0, 0x0,
    0x0, 0x0, 0xf, 0xfa, 0x0, 0x0, 0x0, 0x0,
    0x0, 0xff, 0xa2, 0xae, 0xfd, 0x91, 0x0, 0xf,
    0xfc, 0xef, 0xff, 0xff, 0xe1, 0x0, 0xff, 0xff,
    0xb7, 0x9f, 0xff, 0xb0, 0xf, 0xff, 0x60, 0x0,
    0x2f, 0xff, 0x10, 0xff, 0xd0, 0x0, 0x0, 0x9f,
    0xf3, 0xf, 0xfa, 0x0, 0x0, 0x6, 0xff, 0x40,
    0xff, 0xa0, 0x0, 0x0, 0x6f, 0xf4, 0xf, 0xfa,
    0x0, 0x0, 0x6, 0xff, 0x40, 0xff, 0xa0, 0x0,
    0x0, 0x6f, 0xf4, 0xf, 0xfa, 0x0, 0x0, 0x6,
    0xff, 0x40, 0xff, 0xa0, 0x0, 0x0, 0x6f, 0xf4,
    0xf, 0xfa, 0x0, 0x0, 0x6, 0xff, 0x40, 0xff,
    0xa0, 0x0, 0x0, 0x6f, 0xf4, 0xf, 0xfa, 0x0,
    0x0, 0x6, 0xff, 0x40, 0xff, 0x90, 0x0, 0x0,
    0x5f, 0xf4,

    /* U+0069 "i" */
    0x2, 0x73, 0x0, 0xef, 0xf2, 0x2f, 0xff, 0x50,
    0xcf, 0xe1, 0x0, 0x20, 0x0, 0x0, 0x0, 0xc,
    0xfd, 0x0, 0xdf, 0xe0, 0xd, 0xfe, 0x0, 0xdf,
    0xe0, 0xd, 0xfe, 0x0, 0xdf, 0xe0, 0xd, 0xfe,
    0x0, 0xdf, 0xe0, 0xd, 0xfe, 0x0, 0xdf, 0xe0,
    0xd, 0xfe, 0x0, 0xdf, 0xe0, 0xd, 0xfe, 0x0,
    0xdf, 0xe0, 0xc, 0xfd, 0x0,

    /* U+006A "j" */
    0x0, 0x0, 0x37, 0x20, 0x0, 0x2, 0xff, 0xe0,
    0x0, 0x5, 0xff, 0xf2, 0x0, 0x1, 0xef, 0xc0,
    0x0, 0x0, 0x2, 0x0, 0x0, 0x0, 0x0, 0x0,
    0x0, 0x0, 0xef, 0xb0, 0x0, 0x0, 0xff, 0xb0,
    0x0, 0x0, 0xff, 0xb0, 0x0, 0x0, 0xff, 0xb0,
    0x0, 0x0, 0xff, 0xb0, 0x0, 0x0, 0xff, 0xb0,
    0x0, 0x0, 0xff, 0xb0, 0x0, 0x0, 0xff, 0xb0,
    0x0, 0x0, 0xff, 0xb0, 0x0, 0x0, 0xef, 0xb0,
    0x0, 0x0, 0xef, 0xb0, 0x0, 0x0, 0xef, 0xb0,
    0x0, 0x0, 0xef, 0xb0, 0x0, 0x0, 0xef, 0xb0,
    0x0, 0x0, 0xef, 0xb0, 0x0, 0x0, 0xef, 0xb0,
    0x0, 0x0, 0xff, 0xa0, 0x0, 0x6, 0xff, 0x80,
    0x17, 0xaf, 0xff, 0x40, 0x3f, 0xff, 0xfa, 0x0,
    0x3f, 0xeb, 0x60, 0x0,

    /* U+006B "k" */
    0xf, 0xf9, 0x0, 0x0, 0x0, 0x0, 0x0, 0xff,
    0xa0, 0x0, 0x0, 0x0, 0x0, 0xf, 0xfa, 0x0,
    0x0, 0x0, 0x0, 0x0, 0xff, 0xa0, 0x0, 0x0,
    0x0, 0x0, 0xf, 0xfa, 0x0, 0x0, 0x0, 0x0,
    0x0, 0xff, 0xa0, 0x0, 0x5, 0xff, 0xc0, 0xf,
    0xfa, 0x0, 0x3, 0xff, 0xe1, 0x0, 0xff, 0xa0,
    0x2, 0xef, 0xf3, 0x0, 0xf, 0xfa, 0x1, 0xdf,
    0xf5, 0x0, 0x0, 0xff, 0xa0, 0xcf, 0xf8, 0x0,
    0x0, 0xf, 0xfa, 0xbf, 0xff, 0x80, 0x0, 0x0,
    0xff, 0xff, 0xfe, 0xfe, 0x0, 0x0, 0xf, 0xff,
    0xfa, 0x3f, 0xf6, 0x0, 0x0, 0xff, 0xfc, 0x0,
    0xcf, 0xd0, 0x0, 0xf, 0xfd, 0x10, 0x6, 0xff,
    0x40, 0x0, 0xff, 0xa0, 0x0, 0xe, 0xfb, 0x0,
    0xf, 0xfa, 0x0, 0x0, 0x8f, 0xf3, 0x0, 0xff,
    0xa0, 0x0, 0x2, 0xff, 0xa0, 0xf, 0xfa, 0x0,
    0x0, 0xb, 0xff, 0x10, 0xff, 0x90, 0x0, 0x0,
    0x4f, 0xf7,

    /* U+006C "l" */
    0xf, 0xf9, 0xf, 0xfa, 0xf, 0xfa, 0xf, 0xfa,
    0xf, 0xfa, 0xf, 0xfa, 0xf, 0xfa, 0xf, 0xfa,
    0xf, 0xfa, 0xf, 0xfa, 0xf, 0xfa, 0xf, 0xfa,
    0xf, 0xfa, 0xf, 0xfa, 0xf, 0xfa, 0xf, 0xfa,
    0xf, 0xfa, 0xf, 0xfa, 0xf, 0xfa, 0xf, 0xf9,

    /* U+006D "m" */
    0xf, 0xf9, 0x3b, 0xef, 0xd9, 0x10, 0x18, 0xdf,
    0xeb, 0x30, 0x0, 0xff, 0xef, 0xff, 0xff, 0xfd,
    0x2d, 0xff, 0xff, 0xff, 0x40, 0xf, 0xff, 0xe6,
    0x47, 0xff, 0xff, 0xf9, 0x45, 0xcf, 0xfd, 0x0,
    0xff, 0xf2, 0x0, 0x3, 0xff, 0xf8, 0x0, 0x0,
    0xdf, 0xf3, 0xf, 0xfc, 0x0, 0x0, 0xd, 0xff,
    0x10, 0x0, 0x6, 0xff, 0x50, 0xff, 0xa0, 0x0,
    0x0, 0xbf, 0xf0, 0x0, 0x0, 0x4f, 0xf5, 0xf,
    0xfa, 0x0, 0x0, 0xb, 0xff, 0x0, 0x0, 0x4,
    0xff, 0x50, 0xff, 0xa0, 0x0, 0x0, 0xbf, 0xf0,
    0x0, 0x0, 0x4f, 0xf5, 0xf, 0xfa, 0x0, 0x0,
    0xb, 0xff, 0x0, 0x0, 0x4, 0xff, 0x50, 0xff,
    0xa0, 0x0, 0x0, 0xbf, 0xf0, 0x0, 0x0, 0x4f,
    0xf5, 0xf, 0xfa, 0x0, 0x0, 0xb, 0xff, 0x0,
    0x0, 0x4, 0xff, 0x50, 0xff, 0xa0, 0x0, 0x0,
    0xbf, 0xf0, 0x0, 0x0, 0x4f, 0xf5, 0xf, 0xfa,
    0x0, 0x0, 0xb, 0xff, 0x0, 0x0, 0x4, 0xff,
    0x50, 0xff, 0xa0, 0x0, 0x0, 0xbf, 0xf0, 0x0,
    0x0, 0x4f, 0xf5, 0xf, 0xf9, 0x0, 0x0, 0xa,
    0xff, 0x0, 0x0, 0x4, 0xff, 0x50,

    /* U+006E "n" */
    0xf, 0xf9, 0x3b, 0xef, 0xd9, 0x10, 0x0, 0xff,
    0xef, 0xff, 0xff, 0xfe, 0x10, 0xf, 0xff, 0xf7,
    0x46, 0xdf, 0xfb, 0x0, 0xff, 0xf4, 0x0, 0x1,
    0xef, 0xf1, 0xf, 0xfc, 0x0, 0x0, 0x8, 0xff,
    0x30, 0xff, 0xa0, 0x0, 0x0, 0x6f, 0xf4, 0xf,
    0xfa, 0x0, 0x0, 0x6, 0xff, 0x40, 0xff, 0xa0,
    0x0, 0x0, 0x6f, 0xf4, 0xf, 0xfa, 0x0, 0x0,
    0x6, 0xff, 0x40, 0xff, 0xa0, 0x0, 0x0, 0x6f,
    0xf4, 0xf, 0xfa, 0x0, 0x0, 0x6, 0xff, 0x40,
    0xff, 0xa0, 0x0, 0x0, 0x6f, 0xf4, 0xf, 0xfa,
    0x0, 0x0, 0x6, 0xff, 0x40, 0xff, 0xa0, 0x0,
    0x0, 0x6f, 0xf4, 0xf, 0xf9, 0x0, 0x0, 0x5,
    0xff, 0x40,

    /* U+006F "o" */
    0x0, 0x2, 0x9d, 0xff, 0xc6, 0x0, 0x0, 0x5,
    0xff, 0xff, 0xff, 0xfb, 0x0, 0x3, 0xff, 0xfa,
    0x78, 0xef, 0xfa, 0x0, 0xcf, 0xf5, 0x0, 0x0,
    0xcf, 0xf3, 0x2f, 0xfb, 0x0, 0x0, 0x3, 0xff,
    0x95, 0xff, 0x60, 0x0, 0x0, 0xe, 0xfc, 0x6f,
    0xf4, 0x0, 0x0, 0x0, 0xcf, 0xe7, 0xff, 0x30,
    0x0, 0x0, 0xc, 0xff, 0x6f, 0xf4, 0x0, 0x0,
    0x0, 0xcf, 0xe4, 0xff, 0x60, 0x0, 0x0, 0xe,
    0xfc, 0x1f, 0xfb, 0x0, 0x0, 0x3, 0xff, 0x90,
    0xbf, 0xf4, 0x0, 0x0, 0xcf, 0xf3, 0x3, 0xff,
    0xfa, 0x78, 0xef, 0xfa, 0x0, 0x4, 0xff, 0xff,
    0xff, 0xfb, 0x0, 0x0, 0x2, 0x9d, 0xff, 0xc6,
    0x0, 0x0,

    /* U+0070 "p" */
    0xdf, 0xc2, 0xae, 0xfd, 0x91, 0x0, 0xe, 0xff,
    0xff, 0xff, 0xff, 0xe2, 0x0, 0xef, 0xff, 0xa4,
    0x49, 0xff, 0xd0, 0xe, 0xff, 0xb0, 0x0, 0x8,
    0xff, 0x50, 0xef, 0xf3, 0x0, 0x0, 0x1f, 0xfa,
    0xe, 0xff, 0x0, 0x0, 0x0, 0xdf, 0xe0, 0xef,
    0xe0, 0x0, 0x0, 0xb, 0xff, 0xe, 0xfd, 0x0,
    0x0, 0x0, 0xaf, 0xf0, 0xef, 0xe0, 0x0, 0x0,
    0xb, 0xff, 0xe, 0xff, 0x0, 0x0, 0x0, 0xef,
    0xe0, 0xef, 0xf5, 0x0, 0x0, 0x3f, 0xfb, 0xe,
    0xff, 0xd0, 0x0, 0xc, 0xff, 0x60, 0xef, 0xff,
    0xd7, 0x7d, 0xff, 0xd0, 0xe, 0xfe, 0xef, 0xff,
    0xff, 0xe2, 0x0, 0xef, 0xd1, 0xae, 0xfe, 0x91,
    0x0, 0xe, 0xfd, 0x0, 0x0, 0x0, 0x0, 0x0,
    0xef, 0xd0, 0x0, 0x0, 0x0, 0x0, 0xe, 0xfd,
    0x0, 0x0, 0x0, 0x0, 0x0, 0xef, 0xd0, 0x0,
    0x0, 0x0, 0x0, 0xe, 0xfd, 0x0, 0x0, 0x0,
    0x0, 0x0, 0xdf, 0xc0, 0x0, 0x0, 0x0, 0x0,
    0x0,

    /* U+0071 "q" */
    0x0, 0x4, 0xbe, 0xfd, 0x73, 0xff, 0x70, 0x6,
    0xff, 0xff, 0xff, 0xef, 0xf8, 0x3, 0xff, 0xe6,
    0x35, 0xdf, 0xff, 0x80, 0xbf, 0xf3, 0x0, 0x1,
    0xff, 0xf8, 0x1f, 0xfb, 0x0, 0x0, 0x9, 0xff,
    0x84, 0xff, 0x70, 0x0, 0x0, 0x6f, 0xf8, 0x5f,
    0xf5, 0x0, 0x0, 0x4, 0xff, 0x86, 0xff, 0x40,
    0x0, 0x0, 0x4f, 0xf8, 0x6f, 0xf5, 0x0, 0x0,
    0x4, 0xff, 0x84, 0xff, 0x80, 0x0, 0x0, 0x6f,
    0xf8, 0x1f, 0xfd, 0x0, 0x0, 0xb, 0xff, 0x80,
    0xcf, 0xf6, 0x0, 0x3, 0xff, 0xf8, 0x4, 0xff,
    0xfa, 0x68, 0xff, 0xff, 0x80, 0x7, 0xff, 0xff,
    0xff, 0xcf, 0xf8, 0x0, 0x4, 0xbe, 0xfd, 0x63,
    0xff, 0x80, 0x0, 0x0, 0x0, 0x0, 0x3f, 0xf8,
    0x0, 0x0, 0x0, 0x0, 0x3, 0xff, 0x80, 0x0,
    0x0, 0x0, 0x0, 0x3f, 0xf8, 0x0, 0x0, 0x0,
    0x0, 0x3, 0xff, 0x80, 0x0, 0x0, 0x0, 0x0,
    0x3f, 0xf8, 0x0, 0x0, 0x0, 0x0, 0x2, 0xff,
    0x70,

    /* U+0072 "r" */
    0xf, 0xf9, 0x19, 0xef, 0xb0, 0xf, 0xfb, 0xdf,
    0xff, 0xc0, 0xf, 0xff, 0xff, 0xcd, 0x80, 0xf,
    0xff, 0xb0, 0x0, 0x0, 0xf, 0xfe, 0x10, 0x0,
    0x0, 0xf, 0xfb, 0x0, 0x0, 0x0, 0xf, 0xfa,
    0x0, 0x0, 0x0, 0xf, 0xfa, 0x0, 0x0, 0x0,
    0xf, 0xfa, 0x0, 0x0, 0x0, 0xf, 0xfa, 0x0,
    0x0, 0x0, 0xf, 0xfa, 0x0, 0x0, 0x0, 0xf,
    0xfa, 0x0, 0x0, 0x0, 0xf, 0xfa, 0x0, 0x0,
    0x0, 0xf, 0xfa, 0x0, 0x0, 0x0, 0xf, 0xf9,
    0x0, 0x0, 0x0,

    /* U+0073 "s" */
    0x0, 0x3a, 0xef, 0xfc, 0x81, 0x0, 0x7, 0xff,
    0xff, 0xff, 0xfe, 0x20, 0x2f, 0xfe, 0x63, 0x49,
    0xff, 0xd0, 0x7f, 0xf3, 0x0, 0x0, 0x7f, 0xf3,
    0x7f, 0xf2, 0x0, 0x0, 0x18, 0x82, 0x4f, 0xfd,
    0x50, 0x0, 0x0, 0x0, 0xb, 0xff, 0xff, 0xa5,
    0x0, 0x0, 0x0, 0x8f, 0xff, 0xff, 0xf8, 0x0,
    0x0, 0x0, 0x6b, 0xff, 0xff, 0xa0, 0x0, 0x0,
    0x0, 0x6, 0xef, 0xf3, 0x59, 0x80, 0x0, 0x0,
    0x5f, 0xf6, 0x9f, 0xf2, 0x0, 0x0, 0x6f, 0xf5,
    0x4f, 0xfe, 0x62, 0x27, 0xff, 0xf1, 0x7, 0xff,
    0xff, 0xff, 0xff, 0x50, 0x0, 0x39, 0xdf, 0xfd,
    0x92, 0x0,

    /* U+0074 "t" */
    0x0, 0x7, 0x84, 0x0, 0x0, 0x0, 0xff, 0x90,
    0x0, 0x0, 0xf, 0xf9, 0x0, 0x0, 0x0, 0xff,
    0x90, 0x0, 0x1f, 0xff, 0xff, 0xff, 0xf1, 0xff,
    0xff, 0xff, 0xff, 0x4, 0x4f, 0xfb, 0x44, 0x40,
    0x0, 0xff, 0x90, 0x0, 0x0, 0xf, 0xf9, 0x0,
    0x0, 0x0, 0xff, 0x90, 0x0, 0x0, 0xf, 0xf9,
    0x0, 0x0, 0x0, 0xff, 0x90, 0x0, 0x0, 0xf,
    0xf9, 0x0, 0x0, 0x0, 0xff, 0x90, 0x0, 0x0,
    0xf, 0xf9, 0x0, 0x0, 0x0, 0xff, 0xd0, 0x0,
    0x0, 0xd, 0xff, 0xb7, 0x50, 0x0, 0x7f, 0xff,
    0xfd, 0x0, 0x0, 0x6c, 0xff, 0xd0,

    /* U+0075 "u" */
    0x3f, 0xf6, 0x0, 0x0, 0x8, 0xff, 0x13, 0xff,
    0x60, 0x0, 0x0, 0x9f, 0xf1, 0x3f, 0xf6, 0x0,
    0x0, 0x9, 0xff, 0x13, 0xff, 0x60, 0x0, 0x0,
    0x9f, 0xf1, 0x3f, 0xf6, 0x0, 0x0, 0x9, 0xff,
    0x13, 0xff, 0x60, 0x0, 0x0, 0x9f, 0xf1, 0x3f,
    0xf6, 0x0, 0x0, 0x9, 0xff, 0x13, 0xff, 0x60,
    0x0, 0x0, 0x9f, 0xf1, 0x3f, 0xf6, 0x0, 0x0,
    0x9, 0xff, 0x13, 0xff, 0x70, 0x0, 0x0, 0x9f,
    0xf1, 0x3f, 0xf9, 0x0, 0x0, 0xb, 0xff, 0x11,
    0xff, 0xe0, 0x0, 0x3, 0xff, 0xf1, 0xa, 0xff,
    0xd5, 0x47, 0xef, 0xff, 0x10, 0x1d, 0xff, 0xff,
    0xff, 0xdf, 0xf1, 0x0, 0x8, 0xdf, 0xfc, 0x48,
    0xff, 0x10,

    /* U+0076 "v" */
    0x1f, 0xfc, 0x0, 0x0, 0x1, 0xff, 0xd0, 0xd,
    0xff, 0x10, 0x0, 0x5, 0xff, 0x90, 0x8, 0xff,
    0x50, 0x0, 0x9, 0xff, 0x40, 0x2, 0xff, 0xa0,
    0x0, 0xe, 0xfe, 0x0, 0x0, 0xdf, 0xe0, 0x0,
    0x3f, 0xfa, 0x0, 0x0, 0x8f, 0xf3, 0x0, 0x7f,
    0xf5, 0x0, 0x0, 0x3f, 0xf8, 0x0, 0xcf, 0xf0,
    0x0, 0x0, 0xe, 0xfd, 0x1, 0xff, 0xa0, 0x0,
    0x0, 0x9, 0xff, 0x15, 0xff, 0x50, 0x0, 0x0,
    0x4, 0xff, 0x6a, 0xff, 0x10, 0x0, 0x0, 0x0,
    0xff, 0xbe, 0xfb, 0x0, 0x0, 0x0, 0x0, 0xaf,
    0xff, 0xf6, 0x0, 0x0, 0x0, 0x0, 0x5f, 0xff,
    0xf1, 0x0, 0x0, 0x0, 0x0, 0xf, 0xff, 0xc0,
    0x0, 0x0, 0x0, 0x0, 0xa, 0xff, 0x70, 0x0,
    0x0,

    /* U+0077 "w" */
    0x2f, 0xf9, 0x0, 0x0, 0xf, 0xfa, 0x0, 0x0,
    0xc, 0xfe, 0x0, 0xef, 0xd0, 0x0, 0x4, 0xff,
    0xe0, 0x0, 0x0, 0xff, 0xa0, 0x9, 0xff, 0x10,
    0x0, 0x8f, 0xff, 0x20, 0x0, 0x4f, 0xf6, 0x0,
    0x5f, 0xf5, 0x0, 0xc, 0xff, 0xf6, 0x0, 0x9,
    0xff, 0x10, 0x1, 0xff, 0x90, 0x0, 0xff, 0xff,
    0xb0, 0x0, 0xdf, 0xd0, 0x0, 0xc, 0xfd, 0x0,
    0x4f, 0xf7, 0xff, 0x0, 0x1f, 0xf8, 0x0, 0x0,
    0x7f, 0xf1, 0x8, 0xfc, 0x2f, 0xf3, 0x5, 0xff,
    0x40, 0x0, 0x3, 0xff, 0x50, 0xcf, 0x80, 0xdf,
    0x70, 0x9f, 0xf0, 0x0, 0x0, 0xe, 0xf9, 0xf,
    0xf4, 0x9, 0xfb, 0xd, 0xfb, 0x0, 0x0, 0x0,
    0xaf, 0xd4, 0xff, 0x0, 0x5f, 0xf2, 0xff, 0x60,
    0x0, 0x0, 0x6, 0xff, 0xaf, 0xc0, 0x0, 0xff,
    0xaf, 0xf2, 0x0, 0x0, 0x0, 0x1f, 0xff, 0xf7,
    0x0, 0xc, 0xff, 0xfd, 0x0, 0x0, 0x0, 0x0,
    0xdf, 0xff, 0x30, 0x0, 0x7f, 0xff, 0x90, 0x0,
    0x0, 0x0, 0x8, 0xff, 0xf0, 0x0, 0x3, 0xff,
    0xf4, 0x0, 0x0, 0x0, 0x0, 0x3f, 0xfb, 0x0,
    0x0, 0xe, 0xff, 0x0, 0x0, 0x0,

    /* U+0078 "x" */
    0x2f, 0xfb, 0x0, 0x0, 0x0, 0xdf, 0xf1, 0x8,
    0xff, 0x60, 0x0, 0x9, 0xff, 0x70, 0x0, 0xdf,
    0xf1, 0x0, 0x3f, 0xfc, 0x0, 0x0, 0x3f, 0xfb,
    0x0, 0xdf, 0xf2, 0x0, 0x0, 0x8, 0xff, 0x58,
    0xff, 0x70, 0x0, 0x0, 0x0, 0xdf, 0xff, 0xfc,
    0x0, 0x0, 0x0, 0x0, 0x3f, 0xff, 0xf3, 0x0,
    0x0, 0x0, 0x0, 0xb, 0xff, 0xa0, 0x0, 0x0,
    0x0, 0x0, 0x3f, 0xff, 0xf2, 0x0, 0x0, 0x0,
    0x0, 0xdf, 0xff, 0xfc, 0x0, 0x0, 0x0, 0x8,
    0xff, 0x86, 0xff, 0x70, 0x0, 0x0, 0x2f, 0xfd,
    0x0, 0xbf, 0xf2, 0x0, 0x0, 0xcf, 0xf3, 0x0,
    0x2f, 0xfc, 0x0, 0x7, 0xff, 0x80, 0x0, 0x7,
    0xff, 0x70, 0x2f, 0xfd, 0x0, 0x0, 0x0, 0xcf,
    0xf1,

    /* U+0079 "y" */
    0x4f, 0xf8, 0x0, 0x0, 0x2, 0xff, 0xa0, 0xff,
    0xd0, 0x0, 0x0, 0x6f, 0xf5, 0xa, 0xff, 0x10,
    0x0, 0xb, 0xff, 0x0, 0x5f, 0xf6, 0x0, 0x0,
    0xff, 0xb0, 0x0, 0xff, 0xa0, 0x0, 0x4f, 0xf5,
    0x0, 0xb, 0xff, 0x0, 0x8, 0xff, 0x10, 0x0,
    0x6f, 0xf3, 0x0, 0xdf, 0xb0, 0x0, 0x1, 0xff,
    0x80, 0x1f, 0xf6, 0x0, 0x0, 0xc, 0xfc, 0x6,
    0xff, 0x10, 0x0, 0x0, 0x7f, 0xf1, 0xaf, 0xc0,
    0x0, 0x0, 0x2, 0xff, 0x6e, 0xf6, 0x0, 0x0,
    0x0, 0xc, 0xfd, 0xff, 0x10, 0x0, 0x0, 0x0,
    0x7f, 0xff, 0xc0, 0x0, 0x0, 0x0, 0x2, 0xff,
    0xf7, 0x0, 0x0, 0x0, 0x0, 0xd, 0xff, 0x20,
    0x0, 0x0, 0x0, 0x0, 0xcf, 0xd0, 0x0, 0x0,
    0x0, 0x0, 0x1f, 0xf7, 0x0, 0x0, 0x0, 0x0,
    0x9, 0xff, 0x20, 0x0, 0x0, 0x2, 0x5a, 0xff,
    0xb0, 0x0, 0x0, 0x0, 0xaf, 0xff, 0xe2, 0x0,
    0x0, 0x0, 0xa, 0xfd, 0x91, 0x0, 0x0, 0x0,
    0x0,

    /* U+007A "z" */
    0xf, 0xff, 0xff, 0xff, 0xff, 0xf9, 0xf, 0xff,
    0xff, 0xff, 0xff, 0xfa, 0x9, 0xaa, 0xaa, 0xaa,
    0xef, 0xf8, 0x0, 0x0, 0x0, 0x4, 0xff, 0xd0,
    0x0, 0x0, 0x0, 0x1e, 0xff, 0x20, 0x0, 0x0,
    0x0, 0xcf, 0xf5, 0x0, 0x0, 0x0, 0x9, 0xff,
    0x90, 0x0, 0x0, 0x0, 0x5f, 0xfc, 0x0, 0x0,
    0x0, 0x2, 0xff, 0xe1, 0x0, 0x0, 0x0, 0xd,
    0xff, 0x40, 0x0, 0x0, 0x0, 0xaf, 0xf7, 0x0,
    0x0, 0x0, 0x6, 0xff, 0xb0, 0x0, 0x0, 0x0,
    0x1f, 0xff, 0xa9, 0x99, 0x99, 0x95, 0x2f, 0xff,
    0xff, 0xff, 0xff, 0xfa, 0x2f, 0xff, 0xff, 0xff,
    0xff, 0xfa,

    /* U+007B "{" */
    0x0, 0x0, 0x26, 0x77, 0x10, 0x0, 0x7f, 0xff,
    0xf4, 0x0, 0xf, 0xff, 0xff, 0x30, 0x2, 0xff,
    0xd2, 0x0, 0x0, 0x3f, 0xf8, 0x0, 0x0, 0x3,
    0xff, 0x70, 0x0, 0x0, 0x3f, 0xf7, 0x0, 0x0,
    0x3, 0xff, 0x70, 0x0, 0x0, 0x3f, 0xf7, 0x0,
    0x0, 0x3, 0xff, 0x70, 0x0, 0x0, 0x4f, 0xf6,
    0x0, 0x0, 0x8, 0xff, 0x50, 0x0, 0x8, 0xff,
    0xf1, 0x0, 0x1, 0xff, 0xf4, 0x0, 0x0, 0xe,
    0xff, 0xc0, 0x0, 0x0, 0xb, 0xff, 0x40, 0x0,
    0x0, 0x5f, 0xf6, 0x0, 0x0, 0x3, 0xff, 0x70,
    0x0, 0x0, 0x3f, 0xf7, 0x0, 0x0, 0x3, 0xff,
    0x70, 0x0, 0x0, 0x3f, 0xf7, 0x0, 0x0, 0x3,
    0xff, 0x70, 0x0, 0x0, 0x3f, 0xf7, 0x0, 0x0,
    0x3, 0xff, 0x90, 0x0, 0x0, 0x1f, 0xff, 0x86,
    0x10, 0x0, 0xdf, 0xff, 0xf4, 0x0, 0x2, 0xbe,
    0xff, 0x30,

    /* U+007C "|" */
    0x46, 0x5d, 0xfd, 0xdf, 0xdd, 0xfd, 0xdf, 0xdd,
    0xfd, 0xdf, 0xdd, 0xfd, 0xdf, 0xdd, 0xfd, 0xdf,
    0xdd, 0xfd, 0xdf, 0xdd, 0xfd, 0xdf, 0xdd, 0xfd,
    0xdf, 0xdd, 0xfd, 0xdf, 0xdd, 0xfd, 0xdf, 0xdd,
    0xfd, 0xdf, 0xdd, 0xfd, 0xcf, 0xd0,

    /* U+007D "}" */
    0x7, 0x76, 0x30, 0x0, 0x1, 0xff, 0xff, 0xa0,
    0x0, 0x1f, 0xff, 0xff, 0x30, 0x0, 0x1, 0xbf,
    0xf6, 0x0, 0x0, 0x5, 0xff, 0x70, 0x0, 0x0,
    0x4f, 0xf7, 0x0, 0x0, 0x4, 0xff, 0x70, 0x0,
    0x0, 0x4f, 0xf7, 0x0, 0x0, 0x4, 0xff, 0x70,
    0x0, 0x0, 0x4f, 0xf7, 0x0, 0x0, 0x3, 0xff,
    0x70, 0x0, 0x0, 0x2f, 0xfa, 0x0, 0x0, 0x0,
    0xdf, 0xfa, 0x10, 0x0, 0x2, 0xef, 0xf4, 0x0,
    0x0, 0x8f, 0xff, 0x30, 0x0, 0xf, 0xfd, 0x10,
    0x0, 0x3, 0xff, 0x80, 0x0, 0x0, 0x3f, 0xf7,
    0x0, 0x0, 0x4, 0xff, 0x70, 0x0, 0x0, 0x4f,
    0xf7, 0x0, 0x0, 0x4, 0xff, 0x70, 0x0, 0x0,
    0x4f, 0xf7, 0x0, 0x0, 0x4, 0xff, 0x70, 0x0,
    0x0, 0x6f, 0xf6, 0x0, 0x6, 0x7e, 0xff, 0x50,
    0x1, 0xff, 0xff, 0xf1, 0x0, 0x1f, 0xff, 0xc4,
    0x0, 0x0,

    /* U+007E "~" */
    0x0, 0x4c, 0xfe, 0x92, 0x0, 0x8, 0x20, 0x5,
    0xff, 0xff, 0xff, 0xa7, 0xbf, 0xf2, 0xd, 0xfd,
    0x79, 0xef, 0xff, 0xff, 0xa0, 0x1, 0x80, 0x0,
    0x5, 0xcf, 0xe8, 0x0,

    /* U+00B0 "°" */
    0x0, 0x6, 0xbc, 0xa3, 0x0, 0x0, 0xcf, 0xff,
    0xff, 0x60, 0x9, 0xfc, 0x20, 0x5e, 0xf3, 0xf,
    0xe0, 0x0, 0x5, 0xfa, 0x3f, 0x90, 0x0, 0x0,
    0xfd, 0x3f, 0x90, 0x0, 0x0, 0xfd, 0x1f, 0xd0,
    0x0, 0x4, 0xfa, 0xa, 0xfa, 0x0, 0x3e, 0xf4,
    0x1, 0xdf, 0xfe, 0xff, 0x90, 0x0, 0x19, 0xef,
    0xc5, 0x0,

    /* U+00B2 "²" */
    0x0, 0x7d, 0xfd, 0x70, 0x0, 0x9f, 0xea, 0xdf,
    0x90, 0xf, 0xe0, 0x0, 0xdf, 0x1, 0xeb, 0x0,
    0xb, 0xf2, 0x0, 0x0, 0x1, 0xfe, 0x0, 0x0,
    0x0, 0xbf, 0x60, 0x0, 0x0, 0x9f, 0xb0, 0x0,
    0x0, 0x7f, 0xd1, 0x0, 0x0, 0x5f, 0xe2, 0x0,
    0x0, 0x3f, 0xf4, 0x0, 0x0, 0xe, 0xfd, 0xaa,
    0xaa, 0x40, 0xff, 0xff, 0xff, 0xf7,

    /* U+00B3 "³" */
    0xf, 0xff, 0xff, 0xff, 0x0, 0x9a, 0xaa, 0xdf,
    0xe0, 0x0, 0x0, 0x3f, 0xf3, 0x0, 0x0, 0x3e,
    0xf4, 0x0, 0x0, 0x1e, 0xfc, 0x30, 0x0, 0x0,
    0x8a, 0xef, 0x60, 0x0, 0x0, 0x1, 0xfe, 0x0,
    0x0, 0x0, 0xb, 0xf1, 0x1e, 0xa0, 0x0, 0xbf,
    0x10, 0xef, 0x10, 0x1f, 0xe0, 0x6, 0xfe, 0xae,
    0xf7, 0x0, 0x5, 0xdf, 0xd6, 0x0,

    /* U+00B5 "µ" */
    0xf, 0xf9, 0x0, 0x0, 0x5, 0xff, 0x30, 0xff,
    0xa0, 0x0, 0x0, 0x6f, 0xf4, 0xf, 0xfa, 0x0,
    0x0, 0x6, 0xff, 0x40, 0xff, 0xa0, 0x0, 0x0,
    0x6f, 0xf4, 0xf, 0xfa, 0x0, 0x0, 0x6, 0xff,
    0x40, 0xff, 0xa0, 0x0, 0x0, 0x6f, 0xf4, 0xf,
    0xfa, 0x0, 0x0, 0x6, 0xff, 0x40, 0xff, 0xa0,
    0x0, 0x0, 0x6f, 0xf4, 0xf, 0xfa, 0x0, 0x0,
    0x6, 0xff, 0x40, 0xff, 0xa0, 0x0, 0x0, 0x6f,
    0xf4, 0xf, 0xfc, 0x0, 0x0, 0x8, 0xff, 0x40,
    0xff, 0xf2, 0x0, 0x1, 0xef, 0xf4, 0xf, 0xff,
    0xe6, 0x36, 0xdf, 0xff, 0x40, 0xff, 0xff, 0xff,
    0xff, 0xef, 0xf4, 0xf, 0xfe, 0xdf, 0xfd, 0x66,
    0xff, 0x30, 0xff, 0xa0, 0x0, 0x0, 0x0, 0x0,
    0xf, 0xfa, 0x0, 0x0, 0x0, 0x0, 0x0, 0xff,
    0xa0, 0x0, 0x0, 0x0, 0x0, 0xf, 0xfa, 0x0,
    0x0, 0x0, 0x0, 0x0, 0xff, 0xa0, 0x0, 0x0,
    0x0, 0x0, 0xf, 0xf9, 0x0, 0x0, 0x0, 0x0,
    0x0,

    /* U+00B7 "·" */
    0x19, 0xa1, 0x9f, 0xfb, 0xaf, 0xfc, 0x3d, 0xe4,

    /* U+00C1 "Á" */
    0x0, 0x0, 0x0, 0x0, 0x2f, 0xf4, 0x0, 0x0,
    0x0, 0x0, 0x0, 0x0, 0xa, 0xfb, 0x0, 0x0,
    0x0, 0x0, 0x0, 0x0, 0x2, 0xff, 0x10, 0x0,
    0x0, 0x0, 0x0, 0x0, 0x0, 0x6b, 0x50, 0x0,
    0x0, 0x0, 0x0, 0x0, 0x0, 0x0, 0x0, 0x0,
    0x0, 0x0, 0x0, 0x0, 0x0, 0x0, 0x0, 0x0,
    0x0, 0x0, 0x0, 0x0, 0x0, 0x0, 0xf, 0xff,
    0x90, 0x0, 0x0, 0x0, 0x0, 0x0, 0x5, 0xff,
    0xfe, 0x0, 0x0, 0x0, 0x0, 0x0, 0x0, 0xaf,
    0xff, 0xf4, 0x0, 0x0, 0x0, 0x0, 0x0, 0xf,
    0xfc, 0xff, 0x90, 0x0, 0x0, 0x0, 0x0, 0x4,
    0xff, 0x5c, 0xfe, 0x0, 0x0, 0x0, 0x0, 0x0,
    0x9f, 0xf1, 0x7f, 0xf3, 0x0, 0x0, 0x0, 0x0,
    0xe, 0xfb, 0x2, 0xff, 0x80, 0x0, 0x0, 0x0,
    0x3, 0xff, 0x60, 0xd, 0xfd, 0x0, 0x0, 0x0,
    0x0, 0x8f, 0xf1, 0x0, 0x8f, 0xf2, 0x0, 0x0,
    0x0, 0xd, 0xfc, 0x0, 0x3, 0xff, 0x70, 0x0,
    0x0, 0x2, 0xff, 0x70, 0x0, 0xe, 0xfc, 0x0,
    0x0, 0x0, 0x7f, 0xf2, 0x0, 0x0, 0x9f, 0xf1,
    0x0, 0x0, 0xd, 0xfd, 0x0, 0x0, 0x4, 0xff,
    0x60, 0x0, 0x2, 0xff, 0x90, 0x0, 0x0, 0xf,
    0xfc, 0x0, 0x0, 0x7f, 0xff, 0xff, 0xff, 0xff,
    0xff, 0xf1, 0x0, 0xc, 0xff, 0xff, 0xff, 0xff,
    0xff, 0xff, 0x60, 0x1, 0xff, 0xc4, 0x44, 0x44,
    0x44, 0x4f, 0xfb, 0x0, 0x6f, 0xf6, 0x0, 0x0,
    0x0, 0x0, 0xcf, 0xf0, 0xb, 0xff, 0x20, 0x0,
    0x0, 0x0, 0x8, 0xff, 0x50, 0xff, 0xc0, 0x0,
    0x0, 0x0, 0x0, 0x3f, 0xfa,

    /* U+00C9 "É" */
    0x0, 0x0, 0x0, 0x3f, 0xf3, 0x0, 0x0, 0x0,
    0x0, 0x0, 0xbf, 0x90, 0x0, 0x0, 0x0, 0x0,
    0x4, 0xfe, 0x10, 0x0, 0x0, 0x0, 0x0, 0x7,
    0xb4, 0x0, 0x0, 0x0, 0x0, 0x0, 0x0, 0x0,
    0x0, 0x0, 0x0, 0x0, 0x0, 0x0, 0x0, 0x0,
    0x0, 0x0, 0xaf, 0xff, 0xff, 0xff, 0xff, 0xff,
    0xf4, 0xbf, 0xff, 0xff, 0xff, 0xff, 0xff, 0xf5,
    0xbf, 0xf6, 0x66, 0x66, 0x66, 0x66, 0x61, 0xbf,
    0xf0, 0x0, 0x0, 0x0, 0x0, 0x0, 0xbf, 0xf0,
    0x0, 0x0, 0x0, 0x0, 0x0, 0xbf, 0xf0, 0x0,
    0x0, 0x0, 0x0, 0x0, 0xbf, 0xf0, 0x0, 0x0,
    0x0, 0x0, 0x0, 0xbf, 0xf0, 0x0, 0x0, 0x0,
    0x0, 0x0, 0xbf, 0xf7, 0x77, 0x77, 0x77, 0x10,
    0x0, 0xbf, 0xff, 0xff, 0xff, 0xff, 0x30, 0x0,
    0xbf, 0xff, 0xff, 0xff, 0xff, 0x20, 0x0, 0xbf,
    0xf0, 0x0, 0x0, 0x0, 0x0, 0x0, 0xbf, 0xf0,
    0x0, 0x0, 0x0, 0x0, 0x0, 0xbf, 0xf0, 0x0,
    0x0, 0x0, 0x0, 0x0, 0xbf, 0xf0, 0x0, 0x0,
    0x0, 0x0, 0x0, 0xbf, 0xf0, 0x0, 0x0, 0x0,
    0x0, 0x0, 0xbf, 0xf0, 0x0, 0x0, 0x0, 0x0,
    0x0, 0xbf, 0xf7, 0x77, 0x77, 0x77, 0x77, 0x72,
    0xbf, 0xff, 0xff, 0xff, 0xff, 0xff, 0xf5, 0xaf,
    0xff, 0xff, 0xff, 0xff, 0xff, 0xf4,

    /* U+00CD "Í" */
    0x3, 0xff, 0x20, 0xcf, 0x90, 0x4f, 0xe0, 0x7,
    0xa4, 0x0, 0x0, 0x0, 0x0, 0x0, 0x0, 0xaf,
    0xf0, 0xb, 0xff, 0x0, 0xbf, 0xf0, 0xb, 0xff,
    0x0, 0xbf, 0xf0, 0xb, 0xff, 0x0, 0xbf, 0xf0,
    0xb, 0xff, 0x0, 0xbf, 0xf0, 0xb, 0xff, 0x0,
    0xbf, 0xf0, 0xb, 0xff, 0x0, 0xbf, 0xf0, 0xb,
    0xff, 0x0, 0xbf, 0xf0, 0xb, 0xff, 0x0, 0xbf,
    0xf0, 0xb, 0xff, 0x0, 0xbf, 0xf0, 0xa, 0xff,
    0x0,

    /* U+00D3 "Ó" */
    0x0, 0x0, 0x0, 0x3, 0xff, 0x20, 0x0, 0x0,
    0x0, 0x0, 0x0, 0xcf, 0x90, 0x0, 0x0, 0x0,
    0x0, 0x0, 0x4f, 0xe0, 0x0, 0x0, 0x0, 0x0,
    0x0, 0x7, 0xa4, 0x0, 0x0, 0x0, 0x0, 0x0,
    0x0, 0x0, 0x0, 0x0, 0x0, 0x0, 0x0, 0x0,
    0x0, 0x0, 0x0, 0x0, 0x0, 0x0, 0x0, 0x5a,
    0xdf, 0xec, 0x71, 0x0, 0x0, 0x1, 0xbf, 0xff,
    0xff, 0xff, 0xe4, 0x0, 0x0, 0xcf, 0xfe, 0x86,
    0x7c, 0xff, 0xf3, 0x0, 0x7f, 0xfb, 0x0, 0x0,
    0x6, 0xff, 0xd0, 0xe, 0xfe, 0x0, 0x0, 0x0,
    0x9, 0xff, 0x41, 0xff, 0x90, 0x0, 0x0, 0x0,
    0x3f, 0xf7, 0x3f, 0xf7, 0x0, 0x0, 0x0, 0x1,
    0xff, 0x93, 0xff, 0x70, 0x0, 0x0, 0x0, 0x1f,
    0xfa, 0x3f, 0xf7, 0x0, 0x0, 0x0, 0x1, 0xff,
    0xa3, 0xff, 0x70, 0x0, 0x0, 0x0, 0x1f, 0xfa,
    0x3f, 0xf7, 0x0, 0x0, 0x0, 0x1, 0xff, 0xa3,
    0xff, 0x70, 0x0, 0x0, 0x0, 0x1f, 0xfa, 0x3f,
    0xf7, 0x0, 0x0, 0x0, 0x1, 0xff, 0xa3, 0xff,
    0x70, 0x0, 0x0, 0x0, 0x1f, 0xf9, 0x1f, 0xf9,
    0x0, 0x0, 0x0, 0x3, 0xff, 0x70, 0xef, 0xe0,
    0x0, 0x0, 0x0, 0x9f, 0xf4, 0x7, 0xff, 0xb0,
    0x0, 0x0, 0x6f, 0xfd, 0x0, 0xc, 0xff, 0xe8,
    0x67, 0xcf, 0xff, 0x30, 0x0, 0x1b, 0xff, 0xff,
    0xff, 0xfe, 0x40, 0x0, 0x0, 0x5, 0xad, 0xfe,
    0xc7, 0x10, 0x0,

    /* U+00DA "Ú" */
    0x0, 0x0, 0x0, 0xd, 0xf7, 0x0, 0x0, 0x0,
    0x0, 0x0, 0x7f, 0xd0, 0x0, 0x0, 0x0, 0x0,
    0x0, 0xef, 0x40, 0x0, 0x0, 0x0, 0x0, 0x3,
    0xb7, 0x0, 0x0, 0x0, 0x0, 0x0, 0x0, 0x0,
    0x0, 0x0, 0x0, 0x0, 0x0, 0x0, 0x0, 0x0,
    0x0, 0x0, 0xef, 0xc0, 0x0, 0x0, 0x0, 0xd,
    0xfd, 0xef, 0xc0, 0x0, 0x0, 0x0, 0xd, 0xfd,
    0xef, 0xc0, 0x0, 0x0, 0x0, 0xd, 0xfd, 0xef,
    0xc0, 0x0, 0x0, 0x0, 0xd, 0xfd, 0xef, 0xc0,
    0x0, 0x0, 0x0, 0xd, 0xfd, 0xef, 0xc0, 0x0,
    0x0, 0x0, 0xd, 0xfd, 0xef, 0xc0, 0x0, 0x0,
    0x0, 0xd, 0xfd, 0xef, 0xc0, 0x0, 0x0, 0x0,
    0xd, 0xfd, 0xef, 0xc0, 0x0, 0x0, 0x0, 0xd,
    0xfd, 0xef, 0xc0, 0x0, 0x0, 0x0, 0xd, 0xfd,
    0xef, 0xc0, 0x0, 0x0, 0x0, 0xd, 0xfd, 0xef,
    0xc0, 0x0, 0x0, 0x0, 0xd, 0xfd, 0xef, 0xc0,
    0x0, 0x0, 0x0, 0xd, 0xfd, 0xef, 0xc0, 0x0,
    0x0, 0x0, 0xd, 0xfd, 0xcf, 0xe0, 0x0, 0x0,
    0x0, 0xf, 0xfb, 0x9f, 0xf4, 0x0, 0x0, 0x0,
    0x5f, 0xf8, 0x3f, 0xfe, 0x20, 0x0, 0x2, 0xef,
    0xf2, 0x9, 0xff, 0xfa, 0x77, 0xaf, 0xff, 0x80,
    0x0, 0x9f, 0xff, 0xff, 0xff, 0xf8, 0x0, 0x0,
    0x3, 0x9d, 0xff, 0xd9, 0x30, 0x0,

    /* U+00DD "Ý" */
    0x0, 0x0, 0x0, 0x0, 0x6b, 0x80, 0x0, 0x0,
    0x0, 0x0, 0x0, 0x1, 0xff, 0x40, 0x0, 0x0,
    0x0, 0x0, 0x0, 0x9, 0xfa, 0x0, 0x0, 0x0,
    0x0, 0x0, 0x0, 0x1f, 0xe1, 0x0, 0x0, 0x0,
    0x0, 0x0, 0x0, 0x0, 0x0, 0x0, 0x0, 0x0,
    0x0, 0x0, 0x0, 0x0, 0x0, 0x0, 0x0, 0x0,
    0xe, 0xfe, 0x0, 0x0, 0x0, 0x0, 0x9f, 0xf4,
    0x6, 0xff, 0x70, 0x0, 0x0, 0x2, 0xff, 0xc0,
    0x0, 0xdf, 0xe0, 0x0, 0x0, 0xa, 0xff, 0x40,
    0x0, 0x6f, 0xf7, 0x0, 0x0, 0x2f, 0xfc, 0x0,
    0x0, 0xd, 0xff, 0x10, 0x0, 0xaf, 0xf3, 0x0,
    0x0, 0x5, 0xff, 0x80, 0x2, 0xff, 0xb0, 0x0,
    0x0, 0x0, 0xcf, 0xf1, 0xa, 0xff, 0x20, 0x0,
    0x0, 0x0, 0x4f, 0xf8, 0x3f, 0xfa, 0x0, 0x0,
    0x0, 0x0, 0xc, 0xff, 0xcf, 0xf2, 0x0, 0x0,
    0x0, 0x0, 0x4, 0xff, 0xff, 0x90, 0x0, 0x0,
    0x0, 0x0, 0x0, 0xbf, 0xff, 0x10, 0x0, 0x0,
    0x0, 0x0, 0x0, 0x4f, 0xf9, 0x0, 0x0, 0x0,
    0x0, 0x0, 0x0, 0x2f, 0xf8, 0x0, 0x0, 0x0,
    0x0, 0x0, 0x0, 0x2f, 0xf8, 0x0, 0x0, 0x0,
    0x0, 0x0, 0x0, 0x2f, 0xf8, 0x0, 0x0, 0x0,
    0x0, 0x0, 0x0, 0x2f, 0xf8, 0x0, 0x0, 0x0,
    0x0, 0x0, 0x0, 0x2f, 0xf8, 0x0, 0x0, 0x0,
    0x0, 0x0, 0x0, 0x2f, 0xf8, 0x0, 0x0, 0x0,
    0x0, 0x0, 0x0, 0x2f, 0xf8, 0x0, 0x0, 0x0,
    0x0, 0x0, 0x0, 0x2f, 0xf7, 0x0, 0x0, 0x0,

    /* U+00E1 "á" */
    0x0, 0x0, 0x0, 0xaf, 0xb0, 0x0, 0x0, 0x0,
    0x3, 0xff, 0x20, 0x0, 0x0, 0x0, 0xb, 0xf8,
    0x0, 0x0, 0x0, 0x0, 0x1a, 0x90, 0x0, 0x0,
    0x0, 0x0, 0x0, 0x0, 0x0, 0x0, 0x0, 0x18,
    0xdf, 0xfd, 0x92, 0x0, 0x3, 0xef, 0xff, 0xff,
    0xff, 0x50, 0xe, 0xff, 0xc7, 0x7a, 0xff, 0xf2,
    0x5f, 0xfb, 0x0, 0x0, 0x6f, 0xf9, 0x3, 0x52,
    0x0, 0x0, 0xf, 0xfb, 0x0, 0x0, 0x0, 0x0,
    0xe, 0xfc, 0x0, 0x4a, 0xef, 0xff, 0xff, 0xfc,
    0x9, 0xff, 0xff, 0xff, 0xff, 0xfc, 0x6f, 0xff,
    0x95, 0x33, 0x3e, 0xfc, 0xcf, 0xf3, 0x0, 0x0,
    0xe, 0xfc, 0xef, 0xd0, 0x0, 0x0, 0xf, 0xfc,
    0xdf, 0xe0, 0x0, 0x0, 0x7f, 0xfc, 0x9f, 0xfb,
    0x42, 0x4a, 0xff, 0xfc, 0x1e, 0xff, 0xff, 0xff,
    0xef, 0xfc, 0x1, 0x8d, 0xff, 0xc7, 0x1d, 0xfc,

    /* U+00E9 "é" */
    0x0, 0x0, 0x0, 0x6f, 0xf0, 0x0, 0x0, 0x0,
    0x0, 0xe, 0xf6, 0x0, 0x0, 0x0, 0x0, 0x7,
    0xfc, 0x0, 0x0, 0x0, 0x0, 0x0, 0x9a, 0x20,
    0x0, 0x0, 0x0, 0x0, 0x0, 0x0, 0x0, 0x0,
    0x0, 0x0, 0x3a, 0xef, 0xec, 0x60, 0x0, 0x0,
    0x8f, 0xff, 0xff, 0xff, 0xc0, 0x0, 0x5f, 0xff,
    0x97, 0x8e, 0xff, 0x90, 0xd, 0xfe, 0x20, 0x0,
    0x1d, 0xff, 0x2, 0xff, 0x80, 0x0, 0x0, 0x5f,
    0xf5, 0x5f, 0xf4, 0x0, 0x0, 0x2, 0xff, 0x76,
    0xff, 0xff, 0xff, 0xff, 0xff, 0xf8, 0x6f, 0xff,
    0xff, 0xff, 0xff, 0xff, 0x95, 0xff, 0x85, 0x55,
    0x55, 0x55, 0x53, 0x4f, 0xf5, 0x0, 0x0, 0x0,
    0x0, 0x0, 0xff, 0xa0, 0x0, 0x0, 0x3, 0x0,
    0xb, 0xff, 0x50, 0x0, 0x6, 0xfa, 0x10, 0x2f,
    0xff, 0xb8, 0x7b, 0xff, 0xe1, 0x0, 0x5f, 0xff,
    0xff, 0xff, 0xd3, 0x0, 0x0, 0x29, 0xdf, 0xec,
    0x70, 0x0,

    /* U+00ED "í" */
    0x0, 0xcf, 0x90, 0x5f, 0xe1, 0xd, 0xf5, 0x2,
    0xa8, 0x0, 0x0, 0x0, 0x3, 0xff, 0x60, 0x4f,
    0xf6, 0x4, 0xff, 0x60, 0x4f, 0xf6, 0x4, 0xff,
    0x60, 0x4f, 0xf6, 0x4, 0xff, 0x60, 0x4f, 0xf6,
    0x4, 0xff, 0x60, 0x4f, 0xf6, 0x4, 0xff, 0x60,
    0x4f, 0xf6, 0x4, 0xff, 0x60, 0x4f, 0xf6, 0x3,
    0xff, 0x60,

    /* U+00F3 "ó" */
    0x0, 0x0, 0x0, 0x4f, 0xf1, 0x0, 0x0, 0x0,
    0x0, 0xd, 0xf7, 0x0, 0x0, 0x0, 0x0, 0x6,
    0xfd, 0x0, 0x0, 0x0, 0x0, 0x0, 0x8a, 0x30,
    0x0, 0x0, 0x0, 0x0, 0x0, 0x0, 0x0, 0x0,
    0x0, 0x0, 0x29, 0xdf, 0xfc, 0x60, 0x0, 0x0,
    0x5f, 0xff, 0xff, 0xff, 0xb0, 0x0, 0x3f, 0xff,
    0xa7, 0x8e, 0xff, 0xa0, 0xc, 0xff, 0x50, 0x0,
    0xc, 0xff, 0x32, 0xff, 0xb0, 0x0, 0x0, 0x3f,
    0xf9, 0x5f, 0xf6, 0x0, 0x0, 0x0, 0xef, 0xc6,
    0xff, 0x40, 0x0, 0x0, 0xc, 0xfe, 0x7f, 0xf3,
    0x0, 0x0, 0x0, 0xcf, 0xf6, 0xff, 0x40, 0x0,
    0x0, 0xc, 0xfe, 0x4f, 0xf6, 0x0, 0x0, 0x0,
    0xef, 0xc1, 0xff, 0xb0, 0x0, 0x0, 0x3f, 0xf9,
    0xb, 0xff, 0x40, 0x0, 0xc, 0xff, 0x30, 0x3f,
    0xff, 0xa7, 0x8e, 0xff, 0xa0, 0x0, 0x4f, 0xff,
    0xff, 0xff, 0xb0, 0x0, 0x0, 0x29, 0xdf, 0xfc,
    0x60, 0x0,

    /* U+00FA "ú" */
    0x0, 0x0, 0x0, 0x5f, 0xf1, 0x0, 0x0, 0x0,
    0x0, 0xd, 0xf7, 0x0, 0x0, 0x0, 0x0, 0x6,
    0xfc, 0x0, 0x0, 0x0, 0x0, 0x0, 0x8a, 0x20,
    0x0, 0x0, 0x0, 0x0, 0x0, 0x0, 0x0, 0x0,
    0x3, 0xff, 0x60, 0x0, 0x0, 0x8f, 0xf1, 0x3f,
    0xf6, 0x0, 0x0, 0x9, 0xff, 0x13, 0xff, 0x60,
    0x0, 0x0, 0x9f, 0xf1, 0x3f, 0xf6, 0x0, 0x0,
    0x9, 0xff, 0x13, 0xff, 0x60, 0x0, 0x0, 0x9f,
    0xf1, 0x3f, 0xf6, 0x0, 0x0, 0x9, 0xff, 0x13,
    0xff, 0x60, 0x0, 0x0, 0x9f, 0xf1, 0x3f, 0xf6,
    0x0, 0x0, 0x9, 0xff, 0x13, 0xff, 0x60, 0x0,
    0x0, 0x9f, 0xf1, 0x3f, 0xf7, 0x0, 0x0, 0x9,
    0xff, 0x13, 0xff, 0x90, 0x0, 0x0, 0xbf, 0xf1,
    0x1f, 0xfe, 0x0, 0x0, 0x3f, 0xff, 0x10, 0xaf,
    0xfd, 0x54, 0x7e, 0xff, 0xf1, 0x1, 0xdf, 0xff,
    0xff, 0xfd, 0xff, 0x10, 0x0, 0x8d, 0xff, 0xc4,
    0x8f, 0xf1,

    /* U+00FD "ý" */
    0x0, 0x0, 0x0, 0x3f, 0xf2, 0x0, 0x0, 0x0,
    0x0, 0xc, 0xf9, 0x0, 0x0, 0x0, 0x0, 0x4,
    0xfe, 0x0, 0x0, 0x0, 0x0, 0x0, 0x7a, 0x40,
    0x0, 0x0, 0x0, 0x0, 0x0, 0x0, 0x0, 0x0,
    0x4, 0xff, 0x80, 0x0, 0x0, 0x2f, 0xfa, 0xf,
    0xfd, 0x0, 0x0, 0x6, 0xff, 0x50, 0xaf, 0xf1,
    0x0, 0x0, 0xbf, 0xf0, 0x5, 0xff, 0x60, 0x0,
    0xf, 0xfb, 0x0, 0xf, 0xfa, 0x0, 0x4, 0xff,
    0x50, 0x0, 0xbf, 0xf0, 0x0, 0x8f, 0xf1, 0x0,
    0x6, 0xff, 0x30, 0xd, 0xfb, 0x0, 0x0, 0x1f,
    0xf8, 0x1, 0xff, 0x60, 0x0, 0x0, 0xcf, 0xc0,
    0x6f, 0xf1, 0x0, 0x0, 0x7, 0xff, 0x1a, 0xfc,
    0x0, 0x0, 0x0, 0x2f, 0xf6, 0xef, 0x60, 0x0,
    0x0, 0x0, 0xcf, 0xdf, 0xf1, 0x0, 0x0, 0x0,
    0x7, 0xff, 0xfc, 0x0, 0x0, 0x0, 0x0, 0x2f,
    0xff, 0x70, 0x0, 0x0, 0x0, 0x0, 0xdf, 0xf2,
    0x0, 0x0, 0x0, 0x0, 0xc, 0xfd, 0x0, 0x0,
    0x0, 0x0, 0x1, 0xff, 0x70, 0x0, 0x0, 0x0,
    0x0, 0x9f, 0xf2, 0x0, 0x0, 0x0, 0x25, 0xaf,
    0xfb, 0x0, 0x0, 0x0, 0xa, 0xff, 0xfe, 0x20,
    0x0, 0x0, 0x0, 0xaf, 0xd9, 0x10, 0x0, 0x0,
    0x0,

    /* U+010C "Č" */
    0x0, 0x0, 0xef, 0x50, 0x1d, 0xf4, 0x0, 0x0,
    0x0, 0x3, 0xff, 0x2a, 0xf9, 0x0, 0x0, 0x0,
    0x0, 0x7, 0xfe, 0xfd, 0x0, 0x0, 0x0, 0x0,
    0x0, 0x6, 0x87, 0x20, 0x0, 0x0, 0x0, 0x0,
    0x0, 0x0, 0x0, 0x0, 0x0, 0x0, 0x0, 0x0,
    0x0, 0x0, 0x0, 0x0, 0x0, 0x0, 0x0, 0x5b,
    0xef, 0xec, 0x71, 0x0, 0x0, 0x2, 0xdf, 0xff,
    0xff, 0xff, 0xe4, 0x0, 0x1, 0xef, 0xfd, 0x86,
    0x7c, 0xff, 0xf3, 0x0, 0x9f, 0xf9, 0x0, 0x0,
    0x6, 0xff, 0xc0, 0xf, 0xfd, 0x0, 0x0, 0x0,
    0xa, 0xff, 0x22, 0xff, 0x80, 0x0, 0x0, 0x0,
    0x5f, 0xf5, 0x3f, 0xf7, 0x0, 0x0, 0x0, 0x2,
    0x99, 0x33, 0xff, 0x70, 0x0, 0x0, 0x0, 0x0,
    0x0, 0x3f, 0xf7, 0x0, 0x0, 0x0, 0x0, 0x0,
    0x3, 0xff, 0x70, 0x0, 0x0, 0x0, 0x0, 0x0,
    0x3f, 0xf7, 0x0, 0x0, 0x0, 0x0, 0x0, 0x3,
    0xff, 0x70, 0x0, 0x0, 0x0, 0x0, 0x0, 0x3f,
    0xf7, 0x0, 0x0, 0x0, 0x0, 0x0, 0x3, 0xff,
    0x70, 0x0, 0x0, 0x0, 0x29, 0x93, 0x2f, 0xf8,
    0x0, 0x0, 0x0, 0x5, 0xff, 0x40, 0xef, 0xd0,
    0x0, 0x0, 0x0, 0xbf, 0xf2, 0x9, 0xff, 0xa0,
    0x0, 0x0, 0x7f, 0xfb, 0x0, 0x1e, 0xff, 0xe8,
    0x78, 0xdf, 0xff, 0x20, 0x0, 0x2d, 0xff, 0xff,
    0xff, 0xfe, 0x30, 0x0, 0x0, 0x6, 0xbe, 0xfe,
    0xc7, 0x0, 0x0,

    /* U+010D "č" */
    0x0, 0xd, 0xf5, 0x0, 0xdf, 0x50, 0x0, 0x0,
    0x3f, 0xf2, 0xaf, 0x90, 0x0, 0x0, 0x0, 0x7f,
    0xef, 0xd0, 0x0, 0x0, 0x0, 0x0, 0x67, 0x72,
    0x0, 0x0, 0x0, 0x0, 0x0, 0x0, 0x0, 0x0,
    0x0, 0x0, 0x2a, 0xef, 0xeb, 0x50, 0x0, 0x0,
    0x6f, 0xff, 0xff, 0xff, 0xa0, 0x0, 0x4f, 0xff,
    0xa7, 0x8e, 0xff, 0x90, 0xc, 0xff, 0x30, 0x0,
    0x1d, 0xff, 0x22, 0xff, 0xa0, 0x0, 0x0, 0x5f,
    0xf7, 0x5f, 0xf6, 0x0, 0x0, 0x0, 0xb8, 0x36,
    0xff, 0x40, 0x0, 0x0, 0x0, 0x0, 0x7f, 0xf4,
    0x0, 0x0, 0x0, 0x0, 0x6, 0xff, 0x40, 0x0,
    0x0, 0x0, 0x0, 0x5f, 0xf6, 0x0, 0x0, 0x0,
    0x30, 0x2, 0xff, 0xa0, 0x0, 0x0, 0x4f, 0xf6,
    0xc, 0xff, 0x30, 0x0, 0xc, 0xff, 0x30, 0x4f,
    0xff, 0xa7, 0x8e, 0xff, 0xb0, 0x0, 0x6f, 0xff,
    0xff, 0xff, 0xc1, 0x0, 0x0, 0x3a, 0xef, 0xfb,
    0x60, 0x0,

    /* U+010E "Ď" */
    0x0, 0xe, 0xf4, 0x0, 0xdf, 0x50, 0x0, 0x0,
    0x5, 0xfe, 0x8, 0xfb, 0x0, 0x0, 0x0, 0x0,
    0xbf, 0xbf, 0xf2, 0x0, 0x0, 0x0, 0x0, 0x1e,
    0xff, 0x60, 0x0, 0x0, 0x0, 0x0, 0x0, 0x0,
    0x0, 0x0, 0x0, 0x0, 0x0, 0x0, 0x0, 0x0,
    0x0, 0x0, 0xaf, 0xff, 0xff, 0xff, 0xeb, 0x50,
    0x0, 0xbf, 0xff, 0xff, 0xff, 0xff, 0xfc, 0x10,
    0xbf, 0xf6, 0x66, 0x66, 0x8e, 0xff, 0xc0, 0xbf,
    0xf0, 0x0, 0x0, 0x1, 0xdf, 0xf5, 0xbf, 0xf0,
    0x0, 0x0, 0x0, 0x4f, 0xf9, 0xbf, 0xf0, 0x0,
    0x0, 0x0, 0xf, 0xfb, 0xbf, 0xf0, 0x0, 0x0,
    0x0, 0xf, 0xfb, 0xbf, 0xf0, 0x0, 0x0, 0x0,
    0xf, 0xfb, 0xbf, 0xf0, 0x0, 0x0, 0x0, 0xf,
    0xfb, 0xbf, 0xf0, 0x0, 0x0, 0x0, 0xf, 0xfb,
    0xbf, 0xf0, 0x0, 0x0, 0x0, 0xf, 0xfb, 0xbf,
    0xf0, 0x0, 0x0, 0x0, 0xf, 0xfb, 0xbf, 0xf0,
    0x0, 0x0, 0x0, 0xf, 0xfb, 0xbf, 0xf0, 0x0,
    0x0, 0x0, 0xf, 0xfb, 0xbf, 0xf0, 0x0, 0x0,
    0x0, 0x1f, 0xfb, 0xbf, 0xf0, 0x0, 0x0, 0x0,
    0x5f, 0xf9, 0xbf, 0xf0, 0x0, 0x0, 0x2, 0xef,
    0xf5, 0xbf, 0xf7, 0x77, 0x77, 0xaf, 0xff, 0xc0,
    0xbf, 0xff, 0xff, 0xff, 0xff, 0xfc, 0x10, 0xaf,
    0xff, 0xff, 0xff, 0xeb, 0x50, 0x0,

    /* U+010F "ď" */
    0x0, 0x0, 0x0, 0x0, 0x2, 0xff, 0x70, 0xe,
    0xf6, 0x0, 0x0, 0x0, 0x0, 0x3, 0xff, 0x80,
    0x8f, 0xc0, 0x0, 0x0, 0x0, 0x0, 0x3, 0xff,
    0x81, 0xff, 0x30, 0x0, 0x0, 0x0, 0x0, 0x3,
    0xff, 0x84, 0xa6, 0x0, 0x0, 0x0, 0x0, 0x0,
    0x3, 0xff, 0x80, 0x0, 0x0, 0x0, 0x4, 0xbe,
    0xfd, 0x63, 0xff, 0x80, 0x0, 0x0, 0x0, 0x7f,
    0xff, 0xff, 0xfc, 0xff, 0x80, 0x0, 0x0, 0x4,
    0xff, 0xfa, 0x79, 0xff, 0xff, 0x80, 0x0, 0x0,
    0xc, 0xff, 0x60, 0x0, 0x3f, 0xff, 0x80, 0x0,
    0x0, 0x1f, 0xfe, 0x0, 0x0, 0xb, 0xff, 0x80,
    0x0, 0x0, 0x4f, 0xf8, 0x0, 0x0, 0x6, 0xff,
    0x80, 0x0, 0x0, 0x6f, 0xf6, 0x0, 0x0, 0x4,
    0xff, 0x80, 0x0, 0x0, 0x6f, 0xf4, 0x0, 0x0,
    0x4, 0xff, 0x80, 0x0, 0x0, 0x5f, 0xf5, 0x0,
    0x0, 0x4, 0xff, 0x80, 0x0, 0x0, 0x4f, 0xf7,
    0x0, 0x0, 0x6, 0xff, 0x80, 0x0, 0x0, 0xf,
    0xfb, 0x0, 0x0, 0x9, 0xff, 0x80, 0x0, 0x0,
    0xb, 0xff, 0x30, 0x0, 0x1f, 0xff, 0x80, 0x0,
    0x0, 0x3, 0xff, 0xe6, 0x35, 0xdf, 0xff, 0x80,
    0x0, 0x0, 0x0, 0x6f, 0xff, 0xff, 0xfe, 0xff,
    0x80, 0x0, 0x0, 0x0, 0x4, 0xbe, 0xfd, 0x73,
    0xff, 0x70, 0x0, 0x0,

    /* U+011A "Ě" */
    0x0, 0xd, 0xf6, 0x0, 0xbf, 0x70, 0x0, 0x0,
    0x3, 0xff, 0x16, 0xfd, 0x0, 0x0, 0x0, 0x0,
    0x9f, 0xce, 0xf3, 0x0, 0x0, 0x0, 0x0, 0xd,
    0xff, 0x80, 0x0, 0x0, 0x0, 0x0, 0x0, 0x0,
    0x0, 0x0, 0x0, 0x0, 0x0, 0x0, 0x0, 0x0,
    0x0, 0x0, 0xaf, 0xff, 0xff, 0xff, 0xff, 0xff,
    0xf4, 0xbf, 0xff, 0xff, 0xff, 0xff, 0xff, 0xf5,
    0xbf, 0xf6, 0x66, 0x66, 0x66, 0x66, 0x61, 0xbf,
    0xf0, 0x0, 0x0, 0x0, 0x0, 0x0, 0xbf, 0xf0,
    0x0, 0x0, 0x0, 0x0, 0x0, 0xbf, 0xf0, 0x0,
    0x0, 0x0, 0x0, 0x0, 0xbf, 0xf0, 0x0, 0x0,
    0x0, 0x0, 0x0, 0xbf, 0xf0, 0x0, 0x0, 0x0,
    0x0, 0x0, 0xbf, 0xf7, 0x77, 0x77, 0x77, 0x10,
    0x0, 0xbf, 0xff, 0xff, 0xff, 0xff, 0x30, 0x0,
    0xbf, 0xff, 0xff, 0xff, 0xff, 0x20, 0x0, 0xbf,
    0xf0, 0x0, 0x0, 0x0, 0x0, 0x0, 0xbf, 0xf0,
    0x0, 0x0, 0x0, 0x0, 0x0, 0xbf, 0xf0, 0x0,
    0x0, 0x0, 0x0, 0x0, 0xbf, 0xf0, 0x0, 0x0,
    0x0, 0x0, 0x0, 0xbf, 0xf0, 0x0, 0x0, 0x0,
    0x0, 0x0, 0xbf, 0xf0, 0x0, 0x0, 0x0, 0x0,
    0x0, 0xbf, 0xf7, 0x77, 0x77, 0x77, 0x77, 0x72,
    0xbf, 0xff, 0xff, 0xff, 0xff, 0xff, 0xf5, 0xaf,
    0xff, 0xff, 0xff, 0xff, 0xff, 0xf4,

    /* U+011B "ě" */
    0x0, 0x1e, 0xf4, 0x1, 0xef, 0x30, 0x0, 0x0,
    0x4f, 0xe1, 0xbf, 0x80, 0x0, 0x0, 0x0, 0x9f,
    0xef, 0xc0, 0x0, 0x0, 0x0, 0x0, 0x78, 0x71,
    0x0, 0x0, 0x0, 0x0, 0x0, 0x0, 0x0, 0x0,
    0x0, 0x0, 0x3a, 0xef, 0xec, 0x60, 0x0, 0x0,
    0x8f, 0xff, 0xff, 0xff, 0xc0, 0x0, 0x5f, 0xff,
    0x97, 0x8e, 0xff, 0x90, 0xd, 0xfe, 0x20, 0x0,
    0x1d, 0xff, 0x2, 0xff, 0x80, 0x0, 0x0, 0x5f,
    0xf5, 0x5f, 0xf4, 0x0, 0x0, 0x2, 0xff, 0x76,
    0xff, 0xff, 0xff, 0xff, 0xff, 0xf8, 0x6f, 0xff,
    0xff, 0xff, 0xff, 0xff, 0x95, 0xff, 0x85, 0x55,
    0x55, 0x55, 0x53, 0x4f, 0xf5, 0x0, 0x0, 0x0,
    0x0, 0x0, 0xff, 0xa0, 0x0, 0x0, 0x3, 0x0,
    0xb, 0xff, 0x50, 0x0, 0x6, 0xfa, 0x10, 0x2f,
    0xff, 0xb8, 0x7b, 0xff, 0xe1, 0x0, 0x5f, 0xff,
    0xff, 0xff, 0xd3, 0x0, 0x0, 0x29, 0xdf, 0xec,
    0x70, 0x0,

    /* U+0147 "Ň" */
    0x0, 0x4, 0xfe, 0x10, 0x3f, 0xf1, 0x0, 0x0,
    0x0, 0xa, 0xfa, 0xc, 0xf6, 0x0, 0x0, 0x0,
    0x0, 0x1e, 0xfb, 0xfc, 0x0, 0x0, 0x0, 0x0,
    0x0, 0x5f, 0xff, 0x20, 0x0, 0x0, 0x0, 0x0,
    0x0, 0x0, 0x0, 0x0, 0x0, 0x0, 0x0, 0x0,
    0x0, 0x0, 0x0, 0x0, 0x0, 0xaf, 0xf2, 0x0,
    0x0, 0x0, 0x2, 0xff, 0x7b, 0xff, 0xc0, 0x0,
    0x0, 0x0, 0x2f, 0xf8, 0xbf, 0xff, 0x50, 0x0,
    0x0, 0x2, 0xff, 0x8b, 0xff, 0xfe, 0x0, 0x0,
    0x0, 0x2f, 0xf8, 0xbf, 0xff, 0xf8, 0x0, 0x0,
    0x2, 0xff, 0x8b, 0xff, 0xbf, 0xf2, 0x0, 0x0,
    0x2f, 0xf8, 0xbf, 0xf2, 0xff, 0xc0, 0x0, 0x2,
    0xff, 0x8b, 0xff, 0x8, 0xff, 0x50, 0x0, 0x2f,
    0xf8, 0xbf, 0xf0, 0xe, 0xfe, 0x0, 0x2, 0xff,
    0x8b, 0xff, 0x0, 0x5f, 0xf8, 0x0, 0x2f, 0xf8,
    0xbf, 0xf0, 0x0, 0xbf, 0xf2, 0x2, 0xff, 0x8b,
    0xff, 0x0, 0x2, 0xff, 0xb0, 0x2f, 0xf8, 0xbf,
    0xf0, 0x0, 0x8, 0xff, 0x52, 0xff, 0x8b, 0xff,
    0x0, 0x0, 0xe, 0xfe, 0x3f, 0xf8, 0xbf, 0xf0,
    0x0, 0x0, 0x5f, 0xfb, 0xff, 0x8b, 0xff, 0x0,
    0x0, 0x0, 0xbf, 0xff, 0xf8, 0xbf, 0xf0, 0x0,
    0x0, 0x2, 0xff, 0xff, 0x8b, 0xff, 0x0, 0x0,
    0x0, 0x8, 0xff, 0xf8, 0xbf, 0xf0, 0x0, 0x0,
    0x0, 0xe, 0xff, 0x8a, 0xff, 0x0, 0x0, 0x0,
    0x0, 0x4f, 0xf7,

    /* U+0148 "ň" */
    0x0, 0xc, 0xf7, 0x0, 0xdf, 0x50, 0x0, 0x0,
    0x2e, 0xf3, 0xaf, 0x90, 0x0, 0x0, 0x0, 0x4f,
    0xff, 0xc0, 0x0, 0x0, 0x0, 0x0, 0x35, 0x41,
    0x0, 0x0, 0x0, 0x0, 0x0, 0x0, 0x0, 0x0,
    0x0, 0xff, 0x93, 0xbe, 0xfd, 0x91, 0x0, 0xf,
    0xfe, 0xff, 0xff, 0xff, 0xe1, 0x0, 0xff, 0xff,
    0x74, 0x6d, 0xff, 0xb0, 0xf, 0xff, 0x40, 0x0,
    0x1e, 0xff, 0x10, 0xff, 0xc0, 0x0, 0x0, 0x8f,
    0xf3, 0xf, 0xfa, 0x0, 0x0, 0x6, 0xff, 0x40,
    0xff, 0xa0, 0x0, 0x0, 0x6f, 0xf4, 0xf, 0xfa,
    0x0, 0x0, 0x6, 0xff, 0x40, 0xff, 0xa0, 0x0,
    0x0, 0x6f, 0xf4, 0xf, 0xfa, 0x0, 0x0, 0x6,
    0xff, 0x40, 0xff, 0xa0, 0x0, 0x0, 0x6f, 0xf4,
    0xf, 0xfa, 0x0, 0x0, 0x6, 0xff, 0x40, 0xff,
    0xa0, 0x0, 0x0, 0x6f, 0xf4, 0xf, 0xfa, 0x0,
    0x0, 0x6, 0xff, 0x40, 0xff, 0x90, 0x0, 0x0,
    0x5f, 0xf4,

    /* U+0158 "Ř" */
    0x0, 0x5f, 0xd0, 0x4, 0xfe, 0x0, 0x0, 0x0,
    0xb, 0xf9, 0xd, 0xf5, 0x0, 0x0, 0x0, 0x1,
    0xff, 0xbf, 0xb0, 0x0, 0x0, 0x0, 0x0, 0x6f,
    0xfe, 0x20, 0x0, 0x0, 0x0, 0x0, 0x0, 0x0,
    0x0, 0x0, 0x0, 0x0, 0x0, 0x0, 0x0, 0x0,
    0x0, 0x0, 0xaf, 0xff, 0xff, 0xff, 0xfd, 0x81,
    0x0, 0xbf, 0xff, 0xff, 0xff, 0xff, 0xfe, 0x20,
    0xbf, 0xf6, 0x66, 0x66, 0x8d, 0xff, 0xd0, 0xbf,
    0xf0, 0x0, 0x0, 0x0, 0xbf, 0xf5, 0xbf, 0xf0,
    0x0, 0x0, 0x0, 0x2f, 0xf9, 0xbf, 0xf0, 0x0,
    0x0, 0x0, 0xf, 0xfb, 0xbf, 0xf0, 0x0, 0x0,
    0x0, 0x2f, 0xfa, 0xbf, 0xf0, 0x0, 0x0, 0x0,
    0xaf, 0xf6, 0xbf, 0xf5, 0x55, 0x55, 0x7c, 0xff,
    0xe0, 0xbf, 0xff, 0xff, 0xff, 0xff, 0xfe, 0x20,
    0xbf, 0xff, 0xff, 0xff, 0xff, 0x60, 0x0, 0xbf,
    0xf0, 0x0, 0x8, 0xff, 0x20, 0x0, 0xbf, 0xf0,
    0x0, 0x1, 0xff, 0x90, 0x0, 0xbf, 0xf0, 0x0,
    0x0, 0xaf, 0xf1, 0x0, 0xbf, 0xf0, 0x0, 0x0,
    0x3f, 0xf7, 0x0, 0xbf, 0xf0, 0x0, 0x0, 0xc,
    0xfe, 0x0, 0xbf, 0xf0, 0x0, 0x0, 0x5, 0xff,
    0x60, 0xbf, 0xf0, 0x0, 0x0, 0x0, 0xdf, 0xd0,
    0xbf, 0xf0, 0x0, 0x0, 0x0, 0x6f, 0xf5, 0xaf,
    0xf0, 0x0, 0x0, 0x0, 0xe, 0xfc,

    /* U+0159 "ř" */
    0x7, 0xfc, 0x0, 0x7f, 0xb0, 0x0, 0xbf, 0x94,
    0xfe, 0x10, 0x0, 0xd, 0xff, 0xf3, 0x0, 0x0,
    0x1, 0x55, 0x30, 0x0, 0x0, 0x0, 0x0, 0x0,
    0x0, 0xf, 0xf9, 0x19, 0xef, 0xb0, 0xf, 0xfb,
    0xdf, 0xff, 0xc0, 0xf, 0xff, 0xff, 0xcd, 0x80,
    0xf, 0xff, 0xb0, 0x0, 0x0, 0xf, 0xfe, 0x10,
    0x0, 0x0, 0xf, 0xfb, 0x0, 0x0, 0x0, 0xf,
    0xfa, 0x0, 0x0, 0x0, 0xf, 0xfa, 0x0, 0x0,
    0x0, 0xf, 0xfa, 0x0, 0x0, 0x0, 0xf, 0xfa,
    0x0, 0x0, 0x0, 0xf, 0xfa, 0x0, 0x0, 0x0,
    0xf, 0xfa, 0x0, 0x0, 0x0, 0xf, 0xfa, 0x0,
    0x0, 0x0, 0xf, 0xfa, 0x0, 0x0, 0x0, 0xf,
    0xf9, 0x0, 0x0, 0x0,

    /* U+0160 "Š" */
    0x0, 0x6, 0xfc, 0x0, 0x6f, 0xc0, 0x0, 0x0,
    0x0, 0xb, 0xf9, 0x2f, 0xf2, 0x0, 0x0, 0x0,
    0x0, 0x1e, 0xfe, 0xf5, 0x0, 0x0, 0x0, 0x0,
    0x0, 0x38, 0x86, 0x0, 0x0, 0x0, 0x0, 0x0,
    0x0, 0x0, 0x0, 0x0, 0x0, 0x0, 0x0, 0x0,
    0x0, 0x0, 0x0, 0x0, 0x0, 0x0, 0x4, 0xae,
    0xff, 0xda, 0x50, 0x0, 0x0, 0xb, 0xff, 0xff,
    0xff, 0xff, 0xc1, 0x0, 0x9, 0xff, 0xf9, 0x77,
    0xaf, 0xff, 0xd0, 0x1, 0xff, 0xd1, 0x0, 0x0,
    0x1b, 0xff, 0x70, 0x4f, 0xf6, 0x0, 0x0, 0x0,
    0xf, 0xfc, 0x4, 0xff, 0x50, 0x0, 0x0, 0x0,
    0xbf, 0xe0, 0x2f, 0xfb, 0x0, 0x0, 0x0, 0x4,
    0x76, 0x0, 0xaf, 0xfb, 0x20, 0x0, 0x0, 0x0,
    0x0, 0x0, 0xcf, 0xff, 0xb5, 0x0, 0x0, 0x0,
    0x0, 0x0, 0x7e, 0xff, 0xfe, 0x81, 0x0, 0x0,
    0x0, 0x0, 0x5, 0xcf, 0xff, 0xf8, 0x0, 0x0,
    0x0, 0x0, 0x0, 0x39, 0xff, 0xfc, 0x0, 0x0,
    0x0, 0x0, 0x0, 0x2, 0xcf, 0xf8, 0x6, 0x98,
    0x0, 0x0, 0x0, 0x0, 0xef, 0xf0, 0xaf, 0xf0,
    0x0, 0x0, 0x0, 0x9, 0xff, 0x18, 0xff, 0x30,
    0x0, 0x0, 0x0, 0xbf, 0xf0, 0x4f, 0xfd, 0x20,
    0x0, 0x0, 0x5f, 0xfc, 0x0, 0xbf, 0xff, 0xb8,
    0x68, 0xbf, 0xff, 0x40, 0x0, 0xaf, 0xff, 0xff,
    0xff, 0xff, 0x60, 0x0, 0x0, 0x39, 0xde, 0xfe,
    0xc8, 0x10, 0x0,

    /* U+0161 "š" */
    0x0, 0x9f, 0xa0, 0xa, 0xf9, 0x0, 0x0, 0xd,
    0xf6, 0x6f, 0xd0, 0x0, 0x0, 0x2, 0xff, 0xff,
    0x20, 0x0, 0x0, 0x0, 0x36, 0x63, 0x0, 0x0,
    0x0, 0x0, 0x0, 0x0, 0x0, 0x0, 0x0, 0x3a,
    0xef, 0xec, 0x70, 0x0, 0x7, 0xff, 0xff, 0xff,
    0xfd, 0x10, 0x2f, 0xfe, 0x63, 0x49, 0xff, 0xc0,
    0x7f, 0xf3, 0x0, 0x0, 0x9f, 0xf2, 0x7f, 0xf2,
    0x0, 0x0, 0x3f, 0xf3, 0x4f, 0xfd, 0x50, 0x0,
    0x0, 0x0, 0xb, 0xff, 0xff, 0xa5, 0x0, 0x0,
    0x0, 0x8f, 0xff, 0xff, 0xf8, 0x0, 0x0, 0x0,
    0x6b, 0xff, 0xff, 0xa0, 0x0, 0x0, 0x0, 0x6,
    0xef, 0xf3, 0x47, 0x60, 0x0, 0x0, 0x5f, 0xf6,
    0x9f, 0xf2, 0x0, 0x0, 0x6f, 0xf5, 0x4f, 0xfd,
    0x52, 0x27, 0xff, 0xf1, 0x8, 0xff, 0xff, 0xff,
    0xff, 0x50, 0x0, 0x3a, 0xdf, 0xfd, 0x92, 0x0,

    /* U+0164 "Ť" */
    0x0, 0x9, 0xfa, 0x0, 0x8f, 0xb0, 0x0, 0x0,
    0x0, 0x1e, 0xf4, 0x2f, 0xf2, 0x0, 0x0, 0x0,
    0x0, 0x5f, 0xec, 0xf7, 0x0, 0x0, 0x0, 0x0,
    0x0, 0xaf, 0xfc, 0x0, 0x0, 0x0, 0x0, 0x0,
    0x0, 0x0, 0x0, 0x0, 0x0, 0x0, 0x0, 0x0,
    0x0, 0x0, 0x0, 0x0, 0x0, 0xef, 0xff, 0xff,
    0xff, 0xff, 0xff, 0xff, 0xf, 0xff, 0xff, 0xff,
    0xff, 0xff, 0xff, 0xf0, 0x67, 0x77, 0x7a, 0xff,
    0x97, 0x77, 0x76, 0x0, 0x0, 0x0, 0x6f, 0xf4,
    0x0, 0x0, 0x0, 0x0, 0x0, 0x6, 0xff, 0x40,
    0x0, 0x0, 0x0, 0x0, 0x0, 0x6f, 0xf4, 0x0,
    0x0, 0x0, 0x0, 0x0, 0x6, 0xff, 0x40, 0x0,
    0x0, 0x0, 0x0, 0x0, 0x6f, 0xf4, 0x0, 0x0,
    0x0, 0x0, 0x0, 0x6, 0xff, 0x40, 0x0, 0x0,
    0x0, 0x0, 0x0, 0x6f, 0xf4, 0x0, 0x0, 0x0,
    0x0, 0x0, 0x6, 0xff, 0x40, 0x0, 0x0, 0x0,
    0x0, 0x0, 0x6f, 0xf4, 0x0, 0x0, 0x0, 0x0,
    0x0, 0x6, 0xff, 0x40, 0x0, 0x0, 0x0, 0x0,
    0x0, 0x6f, 0xf4, 0x0, 0x0, 0x0, 0x0, 0x0,
    0x6, 0xff, 0x40, 0x0, 0x0, 0x0, 0x0, 0x0,
    0x6f, 0xf4, 0x0, 0x0, 0x0, 0x0, 0x0, 0x6,
    0xff, 0x40, 0x0, 0x0, 0x0, 0x0, 0x0, 0x6f,
    0xf4, 0x0, 0x0, 0x0, 0x0, 0x0, 0x6, 0xff,
    0x40, 0x0, 0x0, 0x0, 0x0, 0x0, 0x6f, 0xf3,
    0x0, 0x0, 0x0,

    /* U+0165 "ť" */
    0x0, 0x0, 0x0, 0x0, 0x9f, 0xc0, 0x0, 0x44,
    0x20, 0x2f, 0xf3, 0x0, 0xf, 0xf9, 0xa, 0xf8,
    0x0, 0x0, 0xff, 0x90, 0xa9, 0x0, 0x0, 0xf,
    0xf9, 0x0, 0x0, 0x1, 0xff, 0xff, 0xff, 0xff,
    0x0, 0x1f, 0xff, 0xff, 0xff, 0xf0, 0x0, 0x44,
    0xff, 0xb4, 0x44, 0x0, 0x0, 0xf, 0xf9, 0x0,
    0x0, 0x0, 0x0, 0xff, 0x90, 0x0, 0x0, 0x0,
    0xf, 0xf9, 0x0, 0x0, 0x0, 0x0, 0xff, 0x90,
    0x0, 0x0, 0x0, 0xf, 0xf9, 0x0, 0x0, 0x0,
    0x0, 0xff, 0x90, 0x0, 0x0, 0x0, 0xf, 0xf9,
    0x0, 0x0, 0x0, 0x0, 0xff, 0x90, 0x0, 0x0,
    0x0, 0xf, 0xfd, 0x0, 0x0, 0x0, 0x0, 0xdf,
    0xfb, 0x75, 0x0, 0x0, 0x7, 0xff, 0xff, 0xd0,
    0x0, 0x0, 0x6, 0xcf, 0xfd, 0x0,

    /* U+016E "Ů" */
    0x0, 0x0, 0x9, 0xee, 0x80, 0x0, 0x0, 0x0,
    0x0, 0xbf, 0xaa, 0xf9, 0x0, 0x0, 0x0, 0x1,
    0xf8, 0x0, 0x9f, 0x0, 0x0, 0x0, 0x3, 0xf5,
    0x0, 0x6f, 0x20, 0x0, 0x0, 0x0, 0xfc, 0x12,
    0xde, 0x0, 0x0, 0x0, 0x0, 0x5f, 0xff, 0xf4,
    0x0, 0x0, 0x0, 0x0, 0x3, 0x77, 0x20, 0x0,
    0x0, 0x0, 0x0, 0x0, 0x0, 0x0, 0x0, 0x0,
    0x0, 0x0, 0x0, 0x0, 0x0, 0x0, 0x0, 0xef,
    0xc0, 0x0, 0x0, 0x0, 0xd, 0xfd, 0xef, 0xc0,
    0x0, 0x0, 0x0, 0xd, 0xfd, 0xef, 0xc0, 0x0,
    0x0, 0x0, 0xd, 0xfd, 0xef, 0xc0, 0x0, 0x0,
    0x0, 0xd, 0xfd, 0xef, 0xc0, 0x0, 0x0, 0x0,
    0xd, 0xfd, 0xef, 0xc0, 0x0, 0x0, 0x0, 0xd,
    0xfd, 0xef, 0xc0, 0x0, 0x0, 0x0, 0xd, 0xfd,
    0xef, 0xc0, 0x0, 0x0, 0x0, 0xd, 0xfd, 0xef,
    0xc0, 0x0, 0x0, 0x0, 0xd, 0xfd, 0xef, 0xc0,
    0x0, 0x0, 0x0, 0xd, 0xfd, 0xef, 0xc0, 0x0,
    0x0, 0x0, 0xd, 0xfd, 0xef, 0xc0, 0x0, 0x0,
    0x0, 0xd, 0xfd, 0xef, 0xc0, 0x0, 0x0, 0x0,
    0xd, 0xfd, 0xef, 0xc0, 0x0, 0x0, 0x0, 0xd,
    0xfd, 0xcf, 0xe0, 0x0, 0x0, 0x0, 0xf, 0xfb,
    0x9f, 0xf4, 0x0, 0x0, 0x0, 0x5f, 0xf8, 0x3f,
    0xfe, 0x20, 0x0, 0x2, 0xef, 0xf2, 0x9, 0xff,
    0xfa, 0x77, 0xaf, 0xff, 0x80, 0x0, 0x9f, 0xff,
    0xff, 0xff, 0xf8, 0x0, 0x0, 0x3, 0x9d, 0xff,
    0xd9, 0x30, 0x0,

    /* U+016F "ů" */
    0x0, 0x0, 0x3c, 0xfc, 0x40, 0x0, 0x0, 0x0,
    0x2f, 0xe9, 0xdf, 0x30, 0x0, 0x0, 0x8, 0xf1,
    0x1, 0xe9, 0x0, 0x0, 0x0, 0xae, 0x0, 0xd,
    0xb0, 0x0, 0x0, 0x6, 0xf7, 0x6, 0xf7, 0x0,
    0x0, 0x0, 0xb, 0xff, 0xfc, 0x0, 0x0, 0x0,
    0x0, 0x5, 0x85, 0x0, 0x0, 0x0, 0x0, 0x0,
    0x0, 0x0, 0x0, 0x0, 0x3f, 0xf6, 0x0, 0x0,
    0x8, 0xff, 0x13, 0xff, 0x60, 0x0, 0x0, 0x9f,
    0xf1, 0x3f, 0xf6, 0x0, 0x0, 0x9, 0xff, 0x13,
    0xff, 0x60, 0x0, 0x0, 0x9f, 0xf1, 0x3f, 0xf6,
    0x0, 0x0, 0x9, 0xff, 0x13, 0xff, 0x60, 0x0,
    0x0, 0x9f, 0xf1, 0x3f, 0xf6, 0x0, 0x0, 0x9,
    0xff, 0x13, 0xff, 0x60, 0x0, 0x0, 0x9f, 0xf1,
    0x3f, 0xf6, 0x0, 0x0, 0x9, 0xff, 0x13, 0xff,
    0x70, 0x0, 0x0, 0x9f, 0xf1, 0x3f, 0xf9, 0x0,
    0x0, 0xb, 0xff, 0x11, 0xff, 0xe0, 0x0, 0x3,
    0xff, 0xf1, 0xa, 0xff, 0xd5, 0x47, 0xef, 0xff,
    0x10, 0x1d, 0xff, 0xff, 0xff, 0xdf, 0xf1, 0x0,
    0x8, 0xdf, 0xfc, 0x48, 0xff, 0x10,

    /* U+017D "Ž" */
    0x0, 0xe, 0xf4, 0x0, 0xdf, 0x50, 0x0, 0x0,
    0x5, 0xfe, 0x8, 0xfb, 0x0, 0x0, 0x0, 0x0,
    0xbf, 0xbf, 0xf1, 0x0, 0x0, 0x0, 0x0, 0x1e,
    0xff, 0x60, 0x0, 0x0, 0x0, 0x0, 0x0, 0x0,
    0x0, 0x0, 0x0, 0x0, 0x0, 0x0, 0x0, 0x0,
    0x0, 0x0, 0xdf, 0xff, 0xff, 0xff, 0xff, 0xff,
    0xf1, 0xdf, 0xff, 0xff, 0xff, 0xff, 0xff, 0xf2,
    0x67, 0x77, 0x77, 0x77, 0x78, 0xff, 0xf1, 0x0,
    0x0, 0x0, 0x0, 0x9, 0xff, 0x70, 0x0, 0x0,
    0x0, 0x0, 0x4f, 0xfc, 0x0, 0x0, 0x0, 0x0,
    0x0, 0xef, 0xf2, 0x0, 0x0, 0x0, 0x0, 0x9,
    0xff, 0x70, 0x0, 0x0, 0x0, 0x0, 0x4f, 0xfd,
    0x0, 0x0, 0x0, 0x0, 0x0, 0xdf, 0xf3, 0x0,
    0x0, 0x0, 0x0, 0x9, 0xff, 0x80, 0x0, 0x0,
    0x0, 0x0, 0x3f, 0xfd, 0x0, 0x0, 0x0, 0x0,
    0x0, 0xdf, 0xf3, 0x0, 0x0, 0x0, 0x0, 0x9,
    0xff, 0x80, 0x0, 0x0, 0x0, 0x0, 0x3f, 0xfd,
    0x0, 0x0, 0x0, 0x0, 0x0, 0xdf, 0xf3, 0x0,
    0x0, 0x0, 0x0, 0x8, 0xff, 0x80, 0x0, 0x0,
    0x0, 0x0, 0x3f, 0xfd, 0x0, 0x0, 0x0, 0x0,
    0x0, 0xcf, 0xfa, 0x77, 0x77, 0x77, 0x77, 0x70,
    0xdf, 0xff, 0xff, 0xff, 0xff, 0xff, 0xf2, 0xdf,
    0xff, 0xff, 0xff, 0xff, 0xff, 0xf1,

    /* U+017E "ž" */
    0x0, 0x4f, 0xe1, 0x4, 0xfe, 0x0, 0x0, 0x8,
    0xfc, 0x2e, 0xf3, 0x0, 0x0, 0x0, 0xbf, 0xff,
    0x60, 0x0, 0x0, 0x0, 0x4, 0x54, 0x0, 0x0,
    0x0, 0x0, 0x0, 0x0, 0x0, 0x0, 0xf, 0xff,
    0xff, 0xff, 0xff, 0xf9, 0xf, 0xff, 0xff, 0xff,
    0xff, 0xfa, 0x9, 0xaa, 0xaa, 0xaa, 0xef, 0xf8,
    0x0, 0x0, 0x0, 0x4, 0xff, 0xd0, 0x0, 0x0,
    0x0, 0x1e, 0xff, 0x20, 0x0, 0x0, 0x0, 0xcf,
    0xf5, 0x0, 0x0, 0x0, 0x9, 0xff, 0x90, 0x0,
    0x0, 0x0, 0x5f, 0xfc, 0x0, 0x0, 0x0, 0x2,
    0xff, 0xe1, 0x0, 0x0, 0x0, 0xd, 0xff, 0x40,
    0x0, 0x0, 0x0, 0xaf, 0xf7, 0x0, 0x0, 0x0,
    0x6, 0xff, 0xb0, 0x0, 0x0, 0x0, 0x1f, 0xff,
    0xa9, 0x99, 0x99, 0x95, 0x2f, 0xff, 0xff, 0xff,
    0xff, 0xfa, 0x2f, 0xff, 0xff, 0xff, 0xff, 0xfa,

    /* U+2013 "–" */
    0x6, 0x77, 0x77, 0x77, 0x77, 0x75, 0xf, 0xff,
    0xff, 0xff, 0xff, 0xfe, 0xf, 0xff, 0xff, 0xff,
    0xff, 0xfd,

    /* U+201C "“" */
    0x0, 0xef, 0x10, 0xcf, 0x40, 0x5f, 0xe0, 0x3f,
    0xf0, 0xb, 0xf9, 0x8, 0xfc, 0x1, 0xff, 0x50,
    0xef, 0x80, 0x6f, 0xf1, 0x4f, 0xf4, 0xc, 0xfd,
    0x9, 0xff, 0x0, 0x12, 0x10, 0x12, 0x10, 0x0,

    /* U+201E "„" */
    0x0, 0x22, 0x0, 0x22, 0x0, 0x8f, 0xf0, 0x6f,
    0xf3, 0xd, 0xfa, 0xa, 0xfd, 0x1, 0xff, 0x50,
    0xef, 0x70, 0x5f, 0xe0, 0x2f, 0xf1, 0x9, 0xf9,
    0x7, 0xfc, 0x0, 0xdf, 0x30, 0xbf, 0x50, 0x0,

    /* U+2026 "…" */
    0x3, 0xa8, 0x0, 0x0, 0x6, 0xa4, 0x0, 0x0,
    0x2a, 0x90, 0xd, 0xff, 0x60, 0x0, 0x3f, 0xff,
    0x10, 0x0, 0xbf, 0xf8, 0xf, 0xff, 0x80, 0x0,
    0x5f, 0xff, 0x10, 0x0, 0xdf, 0xf9, 0x6, 0xfc,
    0x10, 0x0, 0xb, 0xf8, 0x0, 0x0, 0x5e, 0xd2
};


/*---------------------
 *  GLYPH DESCRIPTION
 *--------------------*/

static const lv_font_fmt_txt_glyph_dsc_t glyph_dsc[] = {
    {.bitmap_index = 0, .adv_w = 0, .box_w = 0, .box_h = 0, .ofs_x = 0, .ofs_y = 0} /* id = 0 reserved */,
    {.bitmap_index = 0, .adv_w = 90, .box_w = 0, .box_h = 0, .ofs_x = 0, .ofs_y = 0},
    {.bitmap_index = 0, .adv_w = 147, .box_w = 5, .box_h = 20, .ofs_x = 2, .ofs_y = 0},
    {.bitmap_index = 50, .adv_w = 133, .box_w = 8, .box_h = 7, .ofs_x = 0, .ofs_y = 13},
    {.bitmap_index = 78, .adv_w = 300, .box_w = 16, .box_h = 20, .ofs_x = 1, .ofs_y = 1},
    {.bitmap_index = 238, .adv_w = 252, .box_w = 14, .box_h = 26, .ofs_x = 1, .ofs_y = -3},
    {.bitmap_index = 420, .adv_w = 376, .box_w = 20, .box_h = 20, .ofs_x = 2, .ofs_y = 0},
    {.bitmap_index = 620, .adv_w = 302, .box_w = 17, .box_h = 20, .ofs_x = 1, .ofs_y = 0},
    {.bitmap_index = 790, .adv_w = 65, .box_w = 4, .box_h = 7, .ofs_x = 0, .ofs_y = 13},
    {.bitmap_index = 804, .adv_w = 130, .box_w = 7, .box_h = 26, .ofs_x = -1, .ofs_y = -3},
    {.bitmap_index = 895, .adv_w = 130, .box_w = 7, .box_h = 26, .ofs_x = 2, .ofs_y = -3},
    {.bitmap_index = 986, .adv_w = 178, .box_w = 11, .box_h = 11, .ofs_x = 0, .ofs_y = 11},
    {.bitmap_index = 1047, .adv_w = 222, .box_w = 13, .box_h = 13, .ofs_x = 0, .ofs_y = 2},
    {.bitmap_index = 1132, .adv_w = 118, .box_w = 5, .box_h = 8, .ofs_x = 1, .ofs_y = -2},
    {.bitmap_index = 1152, .adv_w = 179, .box_w = 11, .box_h = 3, .ofs_x = 0, .ofs_y = 8},
    {.bitmap_index = 1169, .adv_w = 123, .box_w = 5, .box_h = 4, .ofs_x = 1, .ofs_y = 0},
    {.bitmap_index = 1179, .adv_w = 191, .box_w = 11, .box_h = 20, .ofs_x = 0, .ofs_y = 0},
    {.bitmap_index = 1289, .adv_w = 254, .box_w = 14, .box_h = 20, .ofs_x = 1, .ofs_y = 0},
    {.bitmap_index = 1429, .adv_w = 158, .box_w = 7, .box_h = 20, .ofs_x = 1, .ofs_y = 0},
    {.bitmap_index = 1499, .adv_w = 244, .box_w = 13, .box_h = 20, .ofs_x = 1, .ofs_y = 0},
    {.bitmap_index = 1629, .adv_w = 235, .box_w = 13, .box_h = 20, .ofs_x = 1, .ofs_y = 0},
    {.bitmap_index = 1759, .adv_w = 255, .box_w = 14, .box_h = 20, .ofs_x = 1, .ofs_y = 0},
    {.bitmap_index = 1899, .adv_w = 234, .box_w = 13, .box_h = 20, .ofs_x = 1, .ofs_y = 0},
    {.bitmap_index = 2029, .adv_w = 234, .box_w = 13, .box_h = 20, .ofs_x = 1, .ofs_y = 0},
    {.bitmap_index = 2159, .adv_w = 215, .box_w = 13, .box_h = 20, .ofs_x = 0, .ofs_y = 0},
    {.bitmap_index = 2289, .adv_w = 236, .box_w = 13, .box_h = 20, .ofs_x = 1, .ofs_y = 0},
    {.bitmap_index = 2419, .adv_w = 235, .box_w = 13, .box_h = 20, .ofs_x = 1, .ofs_y = 0},
    {.bitmap_index = 2549, .adv_w = 156, .box_w = 4, .box_h = 14, .ofs_x = 3, .ofs_y = 0},
    {.bitmap_index = 2577, .adv_w = 140, .box_w = 5, .box_h = 17, .ofs_x = 2, .ofs_y = -2},
    {.bitmap_index = 2620, .adv_w = 222, .box_w = 13, .box_h = 14, .ofs_x = 0, .ofs_y = 1},
    {.bitmap_index = 2711, .adv_w = 222, .box_w = 13, .box_h = 9, .ofs_x = 0, .ofs_y = 5},
    {.bitmap_index = 2770, .adv_w = 222, .box_w = 13, .box_h = 14, .ofs_x = 0, .ofs_y = 1},
    {.bitmap_index = 2861, .adv_w = 216, .box_w = 12, .box_h = 20, .ofs_x = 1, .ofs_y = 0},
    {.bitmap_index = 2981, .adv_w = 369, .box_w = 21, .box_h = 21, .ofs_x = 1, .ofs_y = -3},
    {.bitmap_index = 3202, .adv_w = 282, .box_w = 17, .box_h = 20, .ofs_x = 0, .ofs_y = 0},
    {.bitmap_index = 3372, .adv_w = 280, .box_w = 14, .box_h = 20, .ofs_x = 2, .ofs_y = 0},
    {.bitmap_index = 3512, .adv_w = 272, .box_w = 15, .box_h = 20, .ofs_x = 1, .ofs_y = 0},
    {.bitmap_index = 3662, .adv_w = 277, .box_w = 14, .box_h = 20, .ofs_x = 2, .ofs_y = 0},
    {.bitmap_index = 3802, .adv_w = 268, .box_w = 14, .box_h = 20, .ofs_x = 2, .ofs_y = 0},
    {.bitmap_index = 3942, .adv_w = 253, .box_w = 14, .box_h = 20, .ofs_x = 2, .ofs_y = 0},
    {.bitmap_index = 4082, .adv_w = 275, .box_w = 15, .box_h = 20, .ofs_x = 1, .ofs_y = 0},
    {.bitmap_index = 4232, .adv_w = 289, .box_w = 14, .box_h = 20, .ofs_x = 2, .ofs_y = 0},
    {.bitmap_index = 4372, .adv_w = 116, .box_w = 3, .box_h = 20, .ofs_x = 2, .ofs_y = 0},
    {.bitmap_index = 4402, .adv_w = 259, .box_w = 14, .box_h = 20, .ofs_x = 0, .ofs_y = 0},
    {.bitmap_index = 4542, .adv_w = 276, .box_w = 15, .box_h = 20, .ofs_x = 2, .ofs_y = 0},
    {.bitmap_index = 4692, .adv_w = 255, .box_w = 14, .box_h = 20, .ofs_x = 2, .ofs_y = 0},
    {.bitmap_index = 4832, .adv_w = 320, .box_w = 16, .box_h = 20, .ofs_x = 2, .ofs_y = 0},
    {.bitmap_index = 4992, .adv_w = 302, .box_w = 15, .box_h = 20, .ofs_x = 2, .ofs_y = 0},
    {.bitmap_index = 5142, .adv_w = 279, .box_w = 15, .box_h = 20, .ofs_x = 1, .ofs_y = 0},
    {.bitmap_index = 5292, .adv_w = 266, .box_w = 14, .box_h = 20, .ofs_x = 2, .ofs_y = 0},
    {.bitmap_index = 5432, .adv_w = 261, .box_w = 14, .box_h = 24, .ofs_x = 1, .ofs_y = -4},
    {.bitmap_index = 5600, .adv_w = 275, .box_w = 14, .box_h = 20, .ofs_x = 2, .ofs_y = 0},
    {.bitmap_index = 5740, .adv_w = 263, .box_w = 15, .box_h = 20, .ofs_x = 1, .ofs_y = 0},
    {.bitmap_index = 5890, .adv_w = 257, .box_w = 15, .box_h = 20, .ofs_x = 1, .ofs_y = 0},
    {.bitmap_index = 6040, .adv_w = 287, .box_w = 14, .box_h = 20, .ofs_x = 2, .ofs_y = 0},
    {.bitmap_index = 6180, .adv_w = 269, .box_w = 16, .box_h = 20, .ofs_x = 0, .ofs_y = 0},
    {.bitmap_index = 6340, .adv_w = 393, .box_w = 24, .box_h = 20, .ofs_x = 0, .ofs_y = 0},
    {.bitmap_index = 6580, .adv_w = 271, .box_w = 16, .box_h = 20, .ofs_x = 0, .ofs_y = 0},
    {.bitmap_index = 6740, .adv_w = 262, .box_w = 16, .box_h = 20, .ofs_x = 0, .ofs_y = 0},
    {.bitmap_index = 6900, .adv_w = 247, .box_w = 14, .box_h = 20, .ofs_x = 1, .ofs_y = 0},
    {.bitmap_index = 7040, .adv_w = 176, .box_w = 8, .box_h = 27, .ofs_x = 0, .ofs_y = -4},
    {.bitmap_index = 7148, .adv_w = 191, .box_w = 11, .box_h = 20, .ofs_x = 1, .ofs_y = 0},
    {.bitmap_index = 7258, .adv_w = 176, .box_w = 8, .box_h = 27, .ofs_x = 3, .ofs_y = -4},
    {.bitmap_index = 7366, .adv_w = 205, .box_w = 11, .box_h = 12, .ofs_x = 1, .ofs_y = 9},
    {.bitmap_index = 7432, .adv_w = 223, .box_w = 14, .box_h = 3, .ofs_x = 0, .ofs_y = 0},
    {.bitmap_index = 7453, .adv_w = 94, .box_w = 6, .box_h = 4, .ofs_x = 0, .ofs_y = 17},
    {.bitmap_index = 7465, .adv_w = 232, .box_w = 12, .box_h = 15, .ofs_x = 1, .ofs_y = 0},
    {.bitmap_index = 7555, .adv_w = 248, .box_w = 13, .box_h = 20, .ofs_x = 1, .ofs_y = 0},
    {.bitmap_index = 7685, .adv_w = 236, .box_w = 13, .box_h = 15, .ofs_x = 1, .ofs_y = 0},
    {.bitmap_index = 7783, .adv_w = 248, .box_w = 13, .box_h = 20, .ofs_x = 1, .ofs_y = 0},
    {.bitmap_index = 7913, .adv_w = 240, .box_w = 13, .box_h = 15, .ofs_x = 1, .ofs_y = 0},
    {.bitmap_index = 8011, .adv_w = 164, .box_w = 10, .box_h = 20, .ofs_x = 0, .ofs_y = 0},
    {.bitmap_index = 8111, .adv_w = 243, .box_w = 13, .box_h = 21, .ofs_x = 1, .ofs_y = -6},
    {.bitmap_index = 8248, .adv_w = 243, .box_w = 13, .box_h = 20, .ofs_x = 1, .ofs_y = 0},
    {.bitmap_index = 8378, .adv_w = 114, .box_w = 5, .box_h = 21, .ofs_x = 1, .ofs_y = 0},
    {.bitmap_index = 8431, .adv_w = 111, .box_w = 8, .box_h = 27, .ofs_x = -2, .ofs_y = -6},
    {.bitmap_index = 8539, .adv_w = 229, .box_w = 13, .box_h = 20, .ofs_x = 1, .ofs_y = 0},
    {.bitmap_index = 8669, .adv_w = 105, .box_w = 4, .box_h = 20, .ofs_x = 1, .ofs_y = 0},
    {.bitmap_index = 8709, .adv_w = 370, .box_w = 21, .box_h = 15, .ofs_x = 1, .ofs_y = 0},
    {.bitmap_index = 8867, .adv_w = 243, .box_w = 13, .box_h = 15, .ofs_x = 1, .ofs_y = 0},
    {.bitmap_index = 8965, .adv_w = 249, .box_w = 13, .box_h = 15, .ofs_x = 1, .ofs_y = 0},
    {.bitmap_index = 9063, .adv_w = 250, .box_w = 13, .box_h = 21, .ofs_x = 2, .ofs_y = -6},
    {.bitmap_index = 9200, .adv_w = 250, .box_w = 13, .box_h = 21, .ofs_x = 1, .ofs_y = -6},
    {.bitmap_index = 9337, .adv_w = 166, .box_w = 10, .box_h = 15, .ofs_x = 1, .ofs_y = 0},
    {.bitmap_index = 9412, .adv_w = 218, .box_w = 12, .box_h = 15, .ofs_x = 1, .ofs_y = 0},
    {.bitmap_index = 9502, .adv_w = 165, .box_w = 9, .box_h = 19, .ofs_x = 0, .ofs_y = 0},
    {.bitmap_index = 9588, .adv_w = 241, .box_w = 13, .box_h = 15, .ofs_x = 1, .ofs_y = 0},
    {.bitmap_index = 9686, .adv_w = 220, .box_w = 14, .box_h = 15, .ofs_x = 0, .ofs_y = 0},
    {.bitmap_index = 9791, .adv_w = 333, .box_w = 21, .box_h = 15, .ofs_x = 0, .ofs_y = 0},
    {.bitmap_index = 9949, .adv_w = 224, .box_w = 14, .box_h = 15, .ofs_x = 0, .ofs_y = 0},
    {.bitmap_index = 10054, .adv_w = 213, .box_w = 13, .box_h = 21, .ofs_x = 0, .ofs_y = -6},
    {.bitmap_index = 10191, .adv_w = 202, .box_w = 12, .box_h = 15, .ofs_x = 0, .ofs_y = 0},
    {.bitmap_index = 10281, .adv_w = 147, .box_w = 9, .box_h = 27, .ofs_x = 0, .ofs_y = -4},
    {.bitmap_index = 10403, .adv_w = 80, .box_w = 3, .box_h = 25, .ofs_x = 1, .ofs_y = -2},
    {.bitmap_index = 10441, .adv_w = 147, .box_w = 9, .box_h = 27, .ofs_x = 0, .ofs_y = -4},
    {.bitmap_index = 10563, .adv_w = 230, .box_w = 14, .box_h = 4, .ofs_x = 0, .ofs_y = 6},
    {.bitmap_index = 10591, .adv_w = 170, .box_w = 10, .box_h = 10, .ofs_x = 0, .ofs_y = 14},
    {.bitmap_index = 10641, .adv_w = 149, .box_w = 9, .box_h = 12, .ofs_x = 0, .ofs_y = 12},
    {.bitmap_index = 10695, .adv_w = 145, .box_w = 9, .box_h = 12, .ofs_x = 0, .ofs_y = 12},
    {.bitmap_index = 10749, .adv_w = 246, .box_w = 13, .box_h = 21, .ofs_x = 1, .ofs_y = -6},
    {.bitmap_index = 10886, .adv_w = 98, .box_w = 4, .box_h = 4, .ofs_x = 1, .ofs_y = 6},
    {.bitmap_index = 10894, .adv_w = 282, .box_w = 17, .box_h = 26, .ofs_x = 0, .ofs_y = 0},
    {.bitmap_index = 11115, .adv_w = 268, .box_w = 14, .box_h = 26, .ofs_x = 2, .ofs_y = 0},
    {.bitmap_index = 11297, .adv_w = 116, .box_w = 5, .box_h = 26, .ofs_x = 2, .ofs_y = 0},
    {.bitmap_index = 11362, .adv_w = 279, .box_w = 15, .box_h = 26, .ofs_x = 1, .ofs_y = 0},
    {.bitmap_index = 11557, .adv_w = 287, .box_w = 14, .box_h = 26, .ofs_x = 2, .ofs_y = 0},
    {.bitmap_index = 11739, .adv_w = 262, .box_w = 16, .box_h = 26, .ofs_x = 0, .ofs_y = 0},
    {.bitmap_index = 11947, .adv_w = 232, .box_w = 12, .box_h = 20, .ofs_x = 1, .ofs_y = 0},
    {.bitmap_index = 12067, .adv_w = 241, .box_w = 13, .box_h = 20, .ofs_x = 1, .ofs_y = 0},
    {.bitmap_index = 12197, .adv_w = 99, .box_w = 5, .box_h = 20, .ofs_x = 1, .ofs_y = 0},
    {.bitmap_index = 12247, .adv_w = 242, .box_w = 13, .box_h = 20, .ofs_x = 1, .ofs_y = 0},
    {.bitmap_index = 12377, .adv_w = 242, .box_w = 13, .box_h = 20, .ofs_x = 1, .ofs_y = 0},
    {.bitmap_index = 12507, .adv_w = 213, .box_w = 13, .box_h = 26, .ofs_x = 0, .ofs_y = -6},
    {.bitmap_index = 12676, .adv_w = 272, .box_w = 15, .box_h = 26, .ofs_x = 1, .ofs_y = 0},
    {.bitmap_index = 12871, .adv_w = 236, .box_w = 13, .box_h = 20, .ofs_x = 1, .ofs_y = 0},
    {.bitmap_index = 13001, .adv_w = 277, .box_w = 14, .box_h = 26, .ofs_x = 2, .ofs_y = 0},
    {.bitmap_index = 13183, .adv_w = 248, .box_w = 18, .box_h = 20, .ofs_x = 1, .ofs_y = 0},
    {.bitmap_index = 13363, .adv_w = 268, .box_w = 14, .box_h = 26, .ofs_x = 2, .ofs_y = 0},
    {.bitmap_index = 13545, .adv_w = 241, .box_w = 13, .box_h = 20, .ofs_x = 1, .ofs_y = 0},
    {.bitmap_index = 13675, .adv_w = 301, .box_w = 15, .box_h = 26, .ofs_x = 2, .ofs_y = 0},
    {.bitmap_index = 13870, .adv_w = 243, .box_w = 13, .box_h = 20, .ofs_x = 1, .ofs_y = 0},
    {.bitmap_index = 14000, .adv_w = 275, .box_w = 14, .box_h = 26, .ofs_x = 2, .ofs_y = 0},
    {.bitmap_index = 14182, .adv_w = 166, .box_w = 10, .box_h = 20, .ofs_x = 1, .ofs_y = 0},
    {.bitmap_index = 14282, .adv_w = 263, .box_w = 15, .box_h = 26, .ofs_x = 1, .ofs_y = 0},
    {.bitmap_index = 14477, .adv_w = 220, .box_w = 12, .box_h = 20, .ofs_x = 1, .ofs_y = 0},
    {.bitmap_index = 14597, .adv_w = 257, .box_w = 15, .box_h = 26, .ofs_x = 1, .ofs_y = 0},
    {.bitmap_index = 14792, .adv_w = 165, .box_w = 11, .box_h = 20, .ofs_x = 0, .ofs_y = 0},
    {.bitmap_index = 14902, .adv_w = 287, .box_w = 14, .box_h = 29, .ofs_x = 2, .ofs_y = 0},
    {.bitmap_index = 15105, .adv_w = 242, .box_w = 13, .box_h = 23, .ofs_x = 1, .ofs_y = 0},
    {.bitmap_index = 15255, .adv_w = 247, .box_w = 14, .box_h = 26, .ofs_x = 1, .ofs_y = 0},
    {.bitmap_index = 15437, .adv_w = 202, .box_w = 12, .box_h = 20, .ofs_x = 0, .ofs_y = 0},
    {.bitmap_index = 15557, .adv_w = 206, .box_w = 12, .box_h = 3, .ofs_x = 0, .ofs_y = 7},
    {.bitmap_index = 15575, .adv_w = 135, .box_w = 9, .box_h = 7, .ofs_x = 0, .ofs_y = 13},
    {.bitmap_index = 15607, .adv_w = 140, .box_w = 9, .box_h = 7, .ofs_x = 0, .ofs_y = -2},
    {.bitmap_index = 15639, .adv_w = 365, .box_w = 20, .box_h = 4, .ofs_x = 1, .ofs_y = 0}
};

/*---------------------
 *  CHARACTER MAPPING
 *--------------------*/

static const uint16_t unicode_list_1[] = {
    0x0, 0x2, 0x3, 0x5, 0x7, 0x11, 0x19, 0x1d,
    0x23, 0x2a, 0x2d, 0x31, 0x39, 0x3d, 0x43, 0x4a,
    0x4d, 0x5c, 0x5d, 0x5e, 0x5f, 0x6a, 0x6b, 0x97,
    0x98, 0xa8, 0xa9, 0xb0, 0xb1, 0xb4, 0xb5, 0xbe,
    0xbf, 0xcd, 0xce, 0x1f63, 0x1f6c, 0x1f6e, 0x1f76
};

/*Collect the unicode lists and glyph_id offsets*/
static const lv_font_fmt_txt_cmap_t cmaps[] =
{
    {
        .range_start = 32, .range_length = 95, .glyph_id_start = 1,
        .unicode_list = NULL, .glyph_id_ofs_list = NULL, .list_length = 0, .type = LV_FONT_FMT_TXT_CMAP_FORMAT0_TINY
    },
    {
        .range_start = 176, .range_length = 8055, .glyph_id_start = 96,
        .unicode_list = unicode_list_1, .glyph_id_ofs_list = NULL, .list_length = 39, .type = LV_FONT_FMT_TXT_CMAP_SPARSE_TINY
    }
};

/*-----------------
 *    KERNING
 *----------------*/


/*Map glyph_ids to kern left classes*/
static const uint8_t kern_left_class_mapping[] =
{
    0, 0, 0, 1, 0, 0, 0, 0,
    1, 0, 0, 0, 0, 2, 3, 2,
    4, 5, 6, 7, 8, 9, 5, 10,
    11, 5, 12, 0, 0, 0, 0, 0,
    0, 0, 13, 14, 15, 14, 16, 17,
    15, 18, 19, 20, 21, 22, 0, 23,
    15, 24, 25, 26, 27, 28, 20, 29,
    29, 30, 31, 0, 0, 0, 0, 0,
    0, 0, 32, 33, 34, 0, 35, 36,
    37, 33, 38, 0, 39, 40, 33, 33,
    3, 33, 37, 41, 42, 43, 0, 44,
    44, 45, 44, 0, 0, 0, 0, 0,
    0, 0, 0, 0, 0, 13, 0, 0,
    15, 20, 0, 33, 35, 0, 3, 0,
    44, 15, 34, 14, 0, 0, 35, 0,
    33, 26, 41, 27, 42, 28, 43, 20,
    0, 0, 0, 0, 46, 0, 0
};

/*Map glyph_ids to kern right classes*/
static const uint8_t kern_right_class_mapping[] =
{
    0, 0, 0, 1, 0, 0, 0, 0,
    1, 0, 0, 0, 0, 2, 3, 2,
    4, 5, 6, 0, 7, 8, 0, 0,
    9, 0, 0, 10, 10, 0, 0, 0,
    11, 0, 12, 13, 14, 13, 13, 13,
    14, 15, 0, 16, 17, 0, 0, 13,
    14, 13, 14, 0, 18, 19, 20, 21,
    21, 22, 23, 24, 0, 0, 0, 0,
    0, 0, 25, 26, 3, 3, 3, 27,
    28, 26, 29, 30, 26, 31, 32, 32,
    3, 32, 28, 32, 33, 27, 34, 35,
    35, 36, 35, 37, 0, 0, 0, 0,
    0, 0, 0, 0, 0, 12, 13, 0,
    14, 0, 23, 25, 3, 0, 3, 34,
    35, 14, 3, 13, 3, 13, 3, 0,
    32, 0, 32, 18, 33, 19, 27, 0,
    34, 24, 37, 0, 0, 0, 0
};

/*Kern values between classes*/
static const int8_t kern_class_values[] =
{
    0, 0, 0, 0, 0, 0, 0, -6,
    0, 0, 0, 0, 0, 0, 0, 0,
    0, 0, 0, 0, 0, 0, 0, 0,
    0, 0, 0, 0, 0, 0, 0, 0,
    0, 0, 0, 0, 0, 0, 0, 0,
    0, -14, 0, 0, 0, 0, 0, 0,
    0, 0, 0, 0, 0, 0, 0, 0,
    0, 0, 0, 0, 0, 0, 0, 0,
    0, 0, 0, 0, 0, 0, 0, 0,
    0, 0, -8, -5, 0, -2, 0, 0,
    0, 0, -22, 0, 0, 0, 0, 0,
    0, 0, 0, 0, -19, 0, 0, 0,
    0, 0, 0, 0, -4, 0, 0, 0,
    0, 0, 0, 0, -10, -8, 0, 0,
    0, -30, 0, 0, 0, 0, 0, 0,
    0, 0, -38, 0, -6, 0, -5, 0,
    0, 0, 0, 0, 0, 4, 0, -36,
    0, -6, -31, 0, 0, 0, -8, -14,
    0, -13, 0, 0, 0, 0, 0, 0,
    0, -10, 0, 0, 0, 0, 0, 0,
    0, 0, 0, 0, 0, 0, 0, 0,
    0, 0, 0, 0, 0, 0, 0, 0,
    0, 0, 0, 0, 0, 0, 0, 0,
    0, 0, 0, 0, 0, 0, 2, 0,
    0, 0, 0, 0, 0, 0, 0, 0,
    0, 0, 0, 0, 0, 0, 0, 0,
    0, 0, 0, 0, 0, 0, 0, 0,
    0, 0, 0, 0, 0, 0, 0, 0,
    0, 0, 0, -5, -4, 0, 0, 0,
    0, 0, 0, 0, 0, 0, 0, 0,
    0, 0, 0, 0, 0, 0, 0, 0,
    0, 0, 0, 0, 0, 0, 0, 0,
    0, 0, 0, 0, 0, 0, 0, 0,
    -3, 0, 0, 0, 0, 0, 0, 0,
    0, 0, 0, 0, 0, 0, 0, 0,
    0, 0, 0, 0, 0, 0, 0, 0,
    0, 0, 0, 0, 0, 0, 0, 0,
    -10, 0, 0, 0, 0, -42, 0, 0,
    -20, 0, 0, 0, 0, 0, 0, 0,
    0, 0, 0, 0, 0, 0, 0, 0,
    0, 0, 0, 0, 0, 0, 0, 0,
    0, 0, 0, 0, 0, 0, 0, 0,
    0, 0, -6, 0, 0, 0, 0, 0,
    0, 0, 0, 0, 0, 0, 0, 0,
    0, 0, 0, 0, 0, 0, 0, 0,
    0, 0, 0, 0, 0, 0, 0, 0,
    0, 0, 0, -23, 0, -33, 0, 2,
    0, 0, 0, 0, 0, 0, 0, 0,
    0, 0, 0, 0, 0, 0, 0, 0,
    0, 0, 0, 0, 0, 0, 0, 0,
    0, 0, 0, 0, 0, 0, 0, 0,
    0, 0, 0, 0, -9, 0, 0, 0,
    0, 0, 0, 0, 0, 0, 0, 0,
    0, 0, 0, 0, 0, 0, 0, 0,
    0, 0, 0, 0, 0, 0, 0, 0,
    0, 0, 0, 0, -36, 0, -6, 8,
    0, 0, 0, 0, 0, 0, 0, 0,
    0, -7, 0, 5, 0, -17, -32, -4,
    -17, 0, -34, 8, 0, 0, -8, -9,
    0, 0, 0, 0, 0, 0, -17, 0,
    0, 0, -5, 0, 0, 0, 0, 0,
    0, 0, 0, 0, -13, 0, -1, 0,
    0, 0, 0, -5, 0, -10, -8, -11,
    0, -2, 0, -5, -7, 0, 0, 0,
    0, -7, -5, -3, 0, 0, 0, -3,
    0, 0, 0, 0, 0, 0, 0, 0,
    0, -3, 0, 0, 0, 8, 0, 0,
    -4, 0, -4, 0, -8, 0, -3, 0,
    0, -4, 0, 0, 0, 0, 0, 0,
    0, 0, 0, 0, 0, 0, 0, 0,
    0, 0, 0, 0, 0, 0, 0, 0,
    0, 0, 0, 0, 0, 0, 0, 5,
    0, 0, 0, 0, 0, 0, 0, 0,
    0, 0, 0, 0, 0, 0, 0, 0,
    0, -34, -21, -16, 0, 0, 0, 0,
    0, -4, 0, -27, 0, -1, 0, -21,
    0, 0, 0, 0, 0, 0, 0, 0,
    -17, 0, 0, -13, 0, 0, 0, -8,
    -17, -10, -19, -16, -8, 0, 0, 0,
    0, 0, 0, 0, 0, 0, 0, 0,
    3, 0, 0, 0, 0, 0, 0, 0,
    0, 0, 0, 0, 0, 0, 0, 0,
    0, 0, 0, 0, 0, 0, 0, 0,
    0, 0, 0, 0, 0, 0, 0, 0,
    0, 0, 0, 0, 0, 0, 0, 0,
    -3, 0, 0, 0, 0, 0, 0, 0,
    0, 0, 0, 0, 0, 0, 0, 0,
    0, 0, 0, 0, 0, 0, 0, 0,
    -5, 0, -10, 0, 0, 0, 0, 0,
    0, 0, -5, 0, -5, 0, 0, 0,
    0, 0, 0, 0, 0, 0, 0, 0,
    0, 0, 0, 0, 0, 0, 0, 0,
    0, 0, 0, 0, 0, 0, -10, 0,
    0, 0, 0, 0, 0, 0, 0, 10,
    0, -8, 0, -6, 0, -6, 0, 0,
    0, 5, 0, 0, 0, 0, 0, -8,
    0, 0, 0, 0, -4, 0, -14, 0,
    0, -28, 0, 0, 0, 0, 0, 0,
    0, 0, 0, 0, 15, 0, -2, 0,
    0, 0, 0, -39, 0, -15, 0, -14,
    0, 0, 0, -6, 0, 0, 0, 0,
    0, 0, 0, -8, 0, 4, 0, 0,
    0, 0, 0, 0, 0, 0, 0, 0,
    0, 0, -5, 0, 0, 0, 0, 0,
    0, 0, 0, 0, 0, 0, 0, 0,
    0, 0, 0, 0, 0, 0, 0, 0,
    0, 0, 0, 0, -13, -10, 0, 0,
    0, 0, 0, 0, 0, 0, -16, 0,
    0, 0, -8, 0, 0, 0, 0, -5,
    -10, -10, 0, -2, 0, 0, -6, 0,
    0, 0, 0, -5, 0, 0, 0, 0,
    0, -3, 0, 0, 0, 0, 0, 0,
    0, 0, 0, -8, 0, 0, 0, 8,
    0, 0, -4, 0, -10, -10, -19, 0,
    -3, 0, 0, -4, 0, 0, 0, 0,
    0, 0, 0, 0, 0, 0, 0, -2,
    0, 0, 0, 0, 0, 0, 0, 0,
    13, 0, 0, 0, 0, 0, 0, 0,
    0, -6, 5, -8, 0, 0, 0, 0,
    0, 0, 0, 0, 0, 0, 0, 0,
    0, 0, 0, -5, 0, 0, 0, 0,
    0, 0, 0, 0, 0, 0, 0, 0,
    0, 3, 0, 0, -8, 0, -6, -13,
    -8, 0, -2, 0, 0, 0, 0, 0,
    0, 0, 0, 0, 0, 0, 0, 0,
    -20, -34, 0, 0, 0, 0, 0, 0,
    0, 0, -26, 0, -18, 0, -14, 0,
    -2, 0, 0, 0, 0, 0, 0, -10,
    0, -3, -26, -5, 0, 0, -24, -24,
    -20, -19, -22, 0, 0, -27, -24, -18,
    0, 0, 0, 0, 0, -22, 0, -43,
    -5, -12, 0, -14, -10, -6, 0, 0,
    0, 0, 0, 0, -23, 0, 0, -22,
    0, 0, 0, -5, -13, -5, -6, 0,
    0, 0, 0, -11, 0, 0, 0, 0,
    0, 0, -2, 0, 0, -3, -8, 0,
    -4, 0, -11, 0, 0, 0, 0, 0,
    0, -6, 0, 0, -12, 0, 0, 0,
    0, -2, 0, -10, 0, 0, 0, -40,
    -30, -18, 0, 0, 0, 0, 0, -26,
    0, -43, -5, -13, 0, -19, 0, -8,
    0, 0, 0, 0, 0, 0, -23, 0,
    -15, -34, 0, 0, 0, -22, -16, -15,
    -15, -15, -8, -12, 0, 0, 0, 0,
    0, 0, 0, 0, 0, 0, 0, 0,
    0, 0, 0, 0, 0, -10, 0, 0,
    0, -12, 0, 0, 0, -3, 0, 0,
    0, 0, 0, 0, 0, -4, 0, 0,
    -15, -8, -3, -2, 0, 0, 0, 0,
    0, 0, 0, 0, 0, 0, 0, 0,
    0, 0, 0, 0, 0, 0, 0, 0,
    0, 0, 0, 0, 0, 0, 0, 0,
    0, 0, -6, 0, 0, -8, -12, -2,
    0, 0, 0, 0, 0, 0, 0, 0,
    0, 0, 0, 0, 0, 0, 0, 0,
    0, 0, 0, 0, 0, 0, 0, 0,
    0, 0, 0, 0, 0, 0, 0, -4,
    -6, 2, -12, -9, 0, 0, 0, 0,
    0, 0, 0, 0, -3, 0, 0, 0,
    0, 0, 0, 0, 0, 0, 0, 0,
    0, 0, -2, 0, -4, 0, 0, 0,
    0, 0, -4, 0, -8, -8, 0, 5,
    -22, -18, -4, 0, 0, 0, 0, 0,
    0, 8, 0, 0, 0, 0, 0, 0,
    0, 0, 0, 0, 0, 0, 0, -6,
    0, 0, -16, 0, 0, 0, 0, -7,
    0, 0, 0, 0, -5, 0, 0, 0,
    0, 0, 0, 0, 0, 0, 0, 0,
    0, 0, 0, 0, 0, 0, 0, 0,
    0, 0, 0, 0, 0, 0, 0, 0,
    0, 2, 0, 0, -3, 0, 0, 0,
    0, 0, 0, 0, 0, 0, 0, 0,
    0, 0, 0, 0, 0, 0, 0, 0,
    0, 0, 0, 0, 0, 0, 0, 0,
    0, 0, 0, 0, 0, 0, -4, 0,
    0, 0, 0, 0, 0, 0, 0, 0,
    -13, 0, 0, 0, 0, 0, 0, 0,
    0, 0, 0, 0, 0, 0, 0, 0,
    0, 0, 0, 0, 0, 0, -6, 0,
    0, -9, 0, 0, 0, 0, -3, 0,
    0, 0, 0, 0, 0, 0, 0, 0,
    0, 0, 0, 0, 0, 0, 0, 0,
    0, 0, 0, 0, 0, 0, 0, 0,
    0, 0, 0, 0, 0, 0, 0, 0,
    0, 0, 0, 0, 0, 0, 0, 0,
    12, -16, -4, 0, 0, 0, 0, 0,
    0, 0, 8, 0, 0, 0, 0, 0,
    0, 0, 0, 0, 0, 0, 0, 0,
    -2, 0, 5, -7, 0, 0, 0, 0,
    -2, 0, 10, 0, 2, -10, 0, 0,
    0, 0, 0, 0, 0, 0, 0, -3,
    0, 0, 0, 0, 0, 0, 0, 0,
    0, 0, 0, 0, 0, 0, 0, 0,
    0, 0, 0, 0, 0, -5, 0, -14,
    -4, 0, 0, 0, -5, 0, 0, 0,
    0, 0, 0, 0, 0, 0, 0, 0,
    0, 0, 0, 0, 0, 0, 0, 0,
    0, 0, 0, 0, 0, -2, 0, 0,
    0, 0, 0, 0, 0, 0, 0, 0,
    -18, -10, -13, 0, 0, 0, 0, 0,
    -6, 0, 0, 0, 0, 0, 0, 0,
    0, 0, 0, 0, 0, 0, 0, -8,
    0, 0, -12, 0, 0, 0, 0, -14,
    0, 0, 0, 0, 0, 0, -12, 0,
    0, 0, 0, 0, 0, -6, 0, 0,
    0, 0, 0, 0, 0, 0, 0, 0,
    0, 0, 0, 0, 0, 0, 0, -8,
    0, 0, 0, 0, -2, 0, 0, 0,
    0, 0, 0, -26, 0, 0, 0, 0,
    0, 0, 0, 0, -26, 0, 0, 0,
    0, 0, -8, 0, 0, 0, 0, 0,
    0, -14, 0, 0, -15, 0, 0, 0,
    -8, -2, 0, 0, 0, 0
};


/*Collect the kern class' data in one place*/
static const lv_font_fmt_txt_kern_classes_t kern_classes =
{
    .class_pair_values   = kern_class_values,
    .left_class_mapping  = kern_left_class_mapping,
    .right_class_mapping = kern_right_class_mapping,
    .left_class_cnt      = 46,
    .right_class_cnt     = 37,
};

/*--------------------
 *  ALL CUSTOM DATA
 *--------------------*/

#if LVGL_VERSION_MAJOR == 8
/*Store all the custom data of the font*/
static  lv_font_fmt_txt_glyph_cache_t cache;
#endif

#if LVGL_VERSION_MAJOR >= 8
static const lv_font_fmt_txt_dsc_t font_dsc = {
#else
static lv_font_fmt_txt_dsc_t font_dsc = {
#endif
    .glyph_bitmap = glyph_bitmap,
    .glyph_dsc = glyph_dsc,
    .cmaps = cmaps,
    .kern_dsc = &kern_classes,
    .kern_scale = 16,
    .cmap_num = 2,
    .bpp = 4,
    .kern_classes = 1,
    .bitmap_format = 0,
#if LVGL_VERSION_MAJOR == 8
    .cache = &cache
#endif
};



/*-----------------
 *  PUBLIC FONT
 *----------------*/

/*Initialize a public general font descriptor*/
#if LVGL_VERSION_MAJOR >= 8
const lv_font_t lcd7_text28 = {
#else
lv_font_t lcd7_text28 = {
#endif
    .get_glyph_dsc = lv_font_get_glyph_dsc_fmt_txt,    /*Function pointer to get glyph's data*/
    .get_glyph_bitmap = lv_font_get_bitmap_fmt_txt,    /*Function pointer to get glyph's bitmap*/
    .line_height = 35,          /*The maximum line height required by the font*/
    .base_line = 6,             /*Baseline measured from the bottom of the line*/
#if !(LVGL_VERSION_MAJOR == 6 && LVGL_VERSION_MINOR == 0)
    .subpx = LV_FONT_SUBPX_NONE,
#endif
#if LV_VERSION_CHECK(7, 4, 0) || LVGL_VERSION_MAJOR >= 8
    .underline_position = -2,
    .underline_thickness = 1,
#endif
    .dsc = &font_dsc,          /*The custom font data. Will be accessed by `get_glyph_bitmap/dsc` */
#if LV_VERSION_CHECK(8, 2, 0) || LVGL_VERSION_MAJOR >= 9
    .fallback = &clock_czech_20,
#endif
    .user_data = NULL,
};



#endif /*#if LCD7_TEXT28*/

